timestamp_s,relative_exertion,mix,ep_target_weight,sustained_energy
0.000,0.1197,0.0000,0.0000,0.0024
0.050,0.0685,0.0000,0.0000,0.0000
0.101,0.0652,0.0000,0.0000,0.0000
0.151,0.0531,0.0000,0.0000,0.0680
0.201,0.0246,0.0000,0.0000,0.1661
0.251,0.0553,0.0000,0.0000,0.2460
0.301,0.0961,0.0000,0.0000,0.2452
0.354,0.1237,0.0000,0.0000,0.1888
0.404,0.1295,0.0000,0.0000,0.1178
0.454,0.1404,0.0000,0.0000,0.0371
0.504,0.1239,0.0000,0.0000,0.0000
0.555,0.0834,0.0000,0.0000,0.0000
0.608,0.1140,0.0000,0.0000,0.1555
0.658,0.2778,0.0000,0.0000,0.2223
0.708,0.3401,0.0000,0.0000,0.2583
0.758,0.3022,0.0000,0.0000,0.2485
0.809,0.3269,0.0000,0.0000,0.2086
0.859,0.3516,0.0000,0.0000,0.1409
0.909,0.1718,0.0000,0.0000,0.0000
0.959,0.1180,0.0000,0.0000,0.0000
1.009,0.0882,0.0000,0.0000,0.0000
1.060,0.0749,0.0000,0.0000,0.1236
1.110,0.0646,0.0000,0.0000,0.1922
1.161,0.0596,0.0000,0.0000,0.2438
1.211,0.0778,0.0000,0.0000,0.2321
1.262,0.0796,0.0000,0.0000,0.1941
1.312,0.0661,0.0000,0.0000,0.0485
1.362,0.0888,0.0000,0.0000,0.0000
1.414,0.1387,0.0000,0.0000,0.0000
1.464,0.0882,0.0000,0.0000,0.0000
1.515,0.0622,0.0000,0.0000,0.1339
1.565,0.2901,0.0000,0.0000,0.2575
1.615,0.4441,0.0000,0.0000,0.2683
1.665,0.3490,0.0000,0.0000,0.2593
1.717,0.3165,0.0000,0.0000,0.1710
1.767,0.3324,0.0000,0.0000,0.0942
1.817,0.1868,0.0000,0.0000,0.0000
1.867,0.1214,0.0000,0.0000,0.0000
1.917,0.0684,0.0000,0.0000,0.0000
1.968,0.3590,0.0000,0.0000,0.1788
2.018,0.3693,0.0000,0.0000,0.2383
2.068,0.3237,0.0000,0.0000,0.2668
2.118,0.3227,0.0000,0.0000,0.2624
2.168,0.3190,0.0000,0.0000,0.2218
2.218,0.1461,0.0000,0.0000,0.0684
2.269,0.1127,0.0000,0.0000,0.0000
2.319,0.1068,0.0000,0.0000,0.0000
2.369,0.0996,0.0000,0.0000,0.0579
2.419,0.0711,0.0000,0.0000,0.1776
2.469,0.0528,0.0000,0.0000,0.2390
2.520,0.1473,0.0000,0.0000,0.2739
2.570,0.1665,0.0000,0.0000,0.2441
2.621,0.1710,0.0000,0.0000,0.1945
2.671,0.1927,0.0000,0.0000,0.0467
2.721,0.1839,0.0000,0.0000,0.0000
2.773,0.1010,0.0000,0.0000,0.0000
2.823,0.0782,0.0000,0.0000,0.0896
2.873,0.2418,0.0000,0.0000,0.1985
2.923,0.2884,0.0000,0.0000,0.2827
2.973,0.1945,0.0000,0.0000,0.2891
3.023,0.1633,0.0000,0.0000,0.2808
3.073,0.3288,0.0000,0.0000,0.1778
3.123,0.2460,0.0000,0.0000,0.0933
3.173,0.1966,0.0000,0.0000,0.0101
3.223,0.1512,0.0000,0.0000,0.0000
3.274,0.1393,0.0000,0.0000,0.0932
3.328,0.1085,0.0000,0.0000,0.2068
3.374,0.0000,0.0000,0.0000,0.3007
3.424,0.1136,0.0000,0.0003,0.3041
3.474,0.1703,0.0000,0.0000,0.2468
3.525,0.1694,0.0000,0.0000,0.1848
3.575,0.1678,0.0000,0.0000,0.1036
3.625,0.1987,0.0000,0.0000,0.0000
3.675,0.1604,0.0000,0.0000,0.0000
3.725,0.1106,0.0000,0.0000,0.0000
3.775,0.1241,0.0000,0.0000,0.2057
3.825,0.3231,0.0000,0.0000,0.2587
3.878,0.3433,0.0000,0.0000,0.2562
3.928,0.3218,0.0000,0.0000,0.2522
3.978,0.3230,0.0000,0.0000,0.1918
4.028,0.2544,0.0000,0.0000,0.0410
4.078,0.1860,0.0000,0.0000,0.0000
4.128,0.1490,0.0000,0.0000,0.0000
4.178,0.6395,0.0000,0.0000,0.1374
4.228,0.3499,0.0000,0.0000,0.2213
4.278,0.3080,0.0000,0.0000,0.2675
4.328,0.2871,0.0000,0.0000,0.2732
4.378,0.2895,0.0000,0.0000,0.2420
4.428,0.1839,0.0000,0.0000,0.1133
4.478,0.1324,0.0000,0.0000,0.0377
4.529,0.1174,0.0000,0.0000,0.0000
4.579,0.1170,0.0000,0.0000,0.0000
4.629,0.0808,0.0000,0.0000,0.1045
4.679,0.0588,0.0000,0.0000,0.2046
4.729,0.1069,0.0000,0.0000,0.2826
4.780,0.1460,0.0000,0.0000,0.2819
4.833,0.1427,0.0000,0.0000,0.2447
4.883,0.1480,0.0000,0.0000,0.1792
4.933,0.1833,0.0000,0.0000,0.1095
4.983,0.1512,0.0000,0.0000,0.0000
5.034,0.1124,0.0000,0.0000,0.0000
5.088,0.1003,0.0000,0.0000,0.1237
5.135,0.3306,0.0000,0.0000,0.2771
5.185,0.3076,0.0001,0.0021,0.3106
5.235,0.2525,0.0002,0.0003,0.3038
5.285,0.2642,0.0002,0.0000,0.2630
5.335,0.2692,0.0002,0.0000,0.1989
5.386,0.1608,0.0002,0.0000,0.0475
5.436,0.1378,0.0001,0.0000,0.0000
5.486,0.1282,0.0001,0.0000,0.0000
5.536,0.0942,0.0001,0.0000,0.1724
5.586,0.0665,0.0001,0.0000,0.1399
5.639,0.0625,0.0001,0.0000,0.0516
5.689,0.0681,0.0001,0.0000,0.0060
5.739,0.0582,0.0001,0.0000,0.0000
5.790,0.0518,0.0001,0.0000,0.0000
5.840,0.0767,0.0001,0.0000,0.0000
5.894,0.1111,0.0001,0.0000,0.0000
5.940,0.1272,0.0001,0.0000,0.0000
5.991,0.1268,0.0001,0.0000,0.0000
6.043,0.1988,0.0001,0.0000,0.0000
6.094,0.2007,0.0001,0.0000,0.0000
6.145,0.2012,0.0001,0.0000,0.0000
6.196,0.2157,0.0001,0.0000,0.0000
6.247,0.2356,0.0001,0.0000,0.0000
6.303,0.2149,0.0001,0.0000,0.0000
6.348,0.1303,0.0001,0.0000,0.0000
6.398,0.3247,0.0001,0.0000,0.0000
6.452,0.4848,0.0001,0.0000,0.0000
6.498,0.3068,0.0001,0.0000,0.0000
6.548,0.2933,0.0001,0.0000,0.0000
6.601,0.2773,0.0001,0.0000,0.0000
6.652,0.2218,0.0001,0.0000,0.0000
6.702,0.1107,0.0001,0.0000,0.0000
6.752,0.0576,0.0000,0.0000,0.0000
6.802,0.0516,0.0000,0.0000,0.0000
6.852,0.0464,0.0000,0.0000,0.0000
6.902,0.0312,0.0000,0.0000,0.0000
6.952,0.0995,0.0000,0.0000,0.0000
7.002,0.1422,0.0000,0.0000,0.0000
7.052,0.1590,0.0000,0.0000,0.0000
7.104,0.1545,0.0000,0.0000,0.0000
7.154,0.1718,0.0000,0.0000,0.0000
7.204,0.1250,0.0000,0.0000,0.0000
7.254,0.0850,0.0000,0.0000,0.0000
7.304,0.0507,0.0000,0.0000,0.0000
7.354,0.2818,0.0000,0.0000,0.0000
7.404,0.2576,0.0000,0.0000,0.0000
7.459,0.2510,0.0000,0.0000,0.0000
7.505,0.2634,0.0000,0.0000,0.0000
7.555,0.2482,0.0000,0.0000,0.0000
7.609,0.1746,0.0000,0.0000,0.0000
7.659,0.1556,0.0000,0.0000,0.0000
7.709,0.1610,0.0000,0.0000,0.0000
7.760,0.1273,0.0000,0.0000,0.0000
7.810,0.0825,0.0000,0.0000,0.0000
7.860,0.0684,0.0000,0.0000,0.0000
7.910,0.0983,0.0000,0.0000,0.0000
7.960,0.0946,0.0000,0.0000,0.0000
8.010,0.0923,0.0000,0.0000,0.0000
8.060,0.1054,0.0000,0.0000,0.0000
8.110,0.1297,0.0000,0.0000,0.0000
8.160,0.1301,0.0000,0.0000,0.0000
8.210,0.1204,0.0000,0.0000,0.0000
8.260,0.1920,0.0000,0.0000,0.0000
8.313,0.2624,0.0000,0.0000,0.0000
8.363,0.2508,0.0000,0.0000,0.0000
8.413,0.2424,0.0000,0.0000,0.0000
8.463,0.2613,0.0000,0.0000,0.0000
8.513,0.1939,0.0000,0.0000,0.0000
8.563,0.1583,0.0000,0.0000,0.0000
8.614,0.5444,0.0000,0.0000,0.0000
8.663,0.3179,0.0000,0.0000,0.0000
8.713,0.2677,0.0000,0.0000,0.0000
8.764,0.2327,0.0000,0.0000,0.0000
8.814,0.2237,0.0000,0.0000,0.0000
8.864,0.1818,0.0000,0.0000,0.0000
8.914,0.0834,0.0000,0.0000,0.0000
8.965,0.0671,0.0000,0.0000,0.0000
9.017,0.0698,0.0000,0.0000,0.0000
9.067,0.0571,0.0000,0.0000,0.0000
9.118,0.0486,0.0000,0.0000,0.0000
9.169,0.0714,0.0000,0.0000,0.0000
9.219,0.1098,0.0000,0.0000,0.0000
9.269,0.1207,0.0000,0.0000,0.0000
9.320,0.1101,0.0000,0.0000,0.0000
9.370,0.1311,0.0000,0.0000,0.0000
9.421,0.1647,0.0000,0.0000,0.0000
9.471,0.1169,0.0000,0.0000,0.0000
9.522,0.0990,0.0000,0.0000,0.0000
9.574,0.5190,0.0000,0.0000,0.0000
9.624,0.3762,0.0000,0.0000,0.0000
9.675,0.3230,0.0000,0.0000,0.0000
9.725,0.2877,0.0000,0.0000,0.0000
9.775,0.2328,0.0000,0.0000,0.0000
9.825,0.1740,0.0000,0.0000,0.0000
9.876,0.0825,0.0000,0.0000,0.0000
9.926,0.0689,0.0000,0.0000,0.0000
9.977,0.0492,0.0000,0.0000,0.0000
10.027,0.0447,0.0000,0.0000,0.0000
10.076,0.0435,0.0000,0.0000,0.0000
10.127,0.0625,0.0000,0.0000,0.0000
10.177,0.0605,0.0000,0.0000,0.0000
10.228,0.0549,0.0000,0.0000,0.0000
10.278,0.0593,0.0000,0.0000,0.0000
10.329,0.0634,0.0000,0.0000,0.0000
10.379,0.0507,0.0000,0.0000,0.0000
10.429,0.0433,0.0000,0.0000,0.0000
10.479,0.1732,0.0000,0.0000,0.0000
10.529,0.2242,0.0000,0.0000,0.0000
10.580,0.2315,0.0000,0.0000,0.0000
10.630,0.2081,0.0000,0.0000,0.0000
10.680,0.2392,0.0000,0.0000,0.0000
10.730,0.2163,0.0000,0.0000,0.0000
10.781,0.1237,0.0000,0.0000,0.0000
10.831,0.1044,0.0000,0.0000,0.0000
10.882,0.0956,0.0000,0.0000,0.0000
10.932,0.0651,0.0000,0.0000,0.0000
10.982,0.0544,0.0000,0.0000,0.0000
11.036,0.0676,0.0000,0.0000,0.0000
11.086,0.0851,0.0000,0.0000,0.0000
11.136,0.0805,0.0000,0.0000,0.0000
11.188,0.1090,0.0000,0.0000,0.0000
11.238,0.1567,0.0000,0.0000,0.0000
11.288,0.1576,0.0000,0.0000,0.0000
11.340,0.1450,0.0000,0.0000,0.0000
11.390,0.1724,0.0000,0.0000,0.0000
11.441,0.2546,0.0000,0.0000,0.0000
11.492,0.2434,0.0000,0.0000,0.0000
11.542,0.2307,0.0000,0.0000,0.0000
11.593,0.2898,0.0000,0.0000,0.0000
11.644,0.2737,0.0000,0.0000,0.0000
11.695,0.2081,0.0000,0.0000,0.0000
11.745,0.3894,0.0000,0.0000,0.0000
11.795,0.5414,0.0000,0.0000,0.0000
11.849,0.3952,0.0043,0.0000,0.0000
11.896,0.3033,0.0040,0.0000,0.0000
11.946,0.2805,0.0039,0.0000,0.0000
12.001,0.2498,0.0037,0.0000,0.0000
12.051,0.1860,0.0036,0.0000,0.0000
12.101,0.1403,0.0035,0.0000,0.0000
12.151,0.1251,0.0033,0.0000,0.0000
12.201,0.1230,0.0032,0.0000,0.0000
12.252,0.1171,0.0031,0.0000,0.0822
12.302,0.1148,0.0029,0.0000,0.0309
12.352,0.1464,0.0028,0.0000,0.0000
12.402,0.1455,0.0027,0.0000,0.0000
12.453,0.1378,0.0026,0.0000,0.0000
12.503,0.1386,0.0025,0.0000,0.0000
12.556,0.1442,0.0023,0.0000,0.0000
12.606,0.1217,0.0023,0.0000,0.0000
12.656,0.1003,0.0022,0.0000,0.0000
12.706,0.1452,0.0021,0.0000,0.0289
12.756,0.1821,0.0020,0.0000,0.0000
12.807,0.1614,0.0019,0.0000,0.0000
12.857,0.1188,0.0018,0.0000,0.0000
12.907,0.2263,0.0018,0.0000,0.0000
12.958,0.2285,0.0017,0.0000,0.0000
13.008,0.1837,0.0016,0.0000,0.0000
13.058,0.1733,0.0016,0.0000,0.0000
13.108,0.1756,0.0015,0.0000,0.0000
13.158,0.1250,0.0014,0.0000,0.0105
13.208,0.1157,0.0014,0.0000,0.0000
13.259,0.1210,0.0013,0.0000,0.0000
13.309,0.1248,0.0013,0.0000,0.0000
13.359,0.1173,0.0012,0.0000,0.0000
13.409,0.1205,0.0012,0.0000,0.0000
13.459,0.2315,0.0011,0.0000,0.0000
13.509,0.2434,0.0011,0.0000,0.0000
13.560,0.2256,0.0010,0.0000,0.0000
13.610,0.2225,0.0010,0.0000,0.0000
13.664,0.2541,0.0009,0.0000,0.0000
13.714,0.1856,0.0009,0.0000,0.0000
13.764,0.1499,0.0009,0.0000,0.0000
13.814,0.1458,0.0008,0.0000,0.0000
13.864,0.1712,0.0008,0.0000,0.0000
13.914,0.1535,0.0008,0.0000,0.0000
13.964,0.1033,0.0007,0.0000,0.0000
14.015,0.6140,0.0007,0.0000,0.0000
14.069,0.5065,0.0007,0.0000,0.0000
14.115,0.3213,0.0006,0.0000,0.0000
14.165,0.2922,0.0006,0.0000,0.0000
14.216,0.2869,0.0006,0.0000,0.0000
14.265,0.2129,0.0006,0.0000,0.0000
14.316,0.1413,0.0006,0.0000,0.0000
14.366,0.0718,0.0005,0.0000,0.0000
14.416,0.0546,0.0005,0.0000,0.0000
14.466,0.0456,0.0005,0.0000,0.0000
14.517,0.0310,0.0005,0.0000,0.0000
14.567,0.0383,0.0005,0.0000,0.0000
14.617,0.0583,0.0004,0.0000,0.0000
14.667,0.0625,0.0004,0.0000,0.0000
14.718,0.0650,0.0004,0.0000,0.0000
14.770,0.1003,0.0004,0.0000,0.0000
14.820,0.0957,0.0004,0.0000,0.0000
14.871,0.0799,0.0004,0.0000,0.0000
14.921,0.0705,0.0003,0.0000,0.0017
14.971,0.3980,0.0003,0.0000,0.0000
15.022,0.2797,0.0003,0.0000,0.0000
15.072,0.2558,0.0003,0.0000,0.0000
15.122,0.2698,0.0003,0.0000,0.0000
15.172,0.2627,0.0003,0.0000,0.0000
15.222,0.2037,0.0003,0.0000,0.0000
15.272,0.1499,0.0003,0.0000,0.0000
15.322,0.1269,0.0002,0.0000,0.0000
15.372,0.1098,0.0002,0.0000,0.0000
15.427,0.0923,0.0002,0.0000,0.0000
15.472,0.0833,0.0002,0.0000,0.0000
15.523,0.0897,0.0002,0.0000,0.0000
15.573,0.0791,0.0002,0.0000,0.0000
15.623,0.0756,0.0002,0.0000,0.0000
15.674,0.0944,0.0002,0.0000,0.0000
15.724,0.1386,0.0002,0.0000,0.0000
15.775,0.1387,0.0002,0.0000,0.0000
15.825,0.1388,0.0002,0.0000,0.0000
15.875,0.1954,0.0002,0.0000,0.0000
15.925,0.2196,0.0001,0.0000,0.0000
15.975,0.1952,0.0001,0.0000,0.0000
16.025,0.1905,0.0001,0.0000,0.0000
16.075,0.2190,0.0001,0.0000,0.0000
16.125,0.1626,0.0001,0.0000,0.0000
16.176,0.1275,0.0001,0.0000,0.0000
16.226,0.3446,0.0001,0.0000,0.0000
16.277,0.3208,0.0001,0.0000,0.0000
16.328,0.2942,0.0001,0.0000,0.0000
16.378,0.2722,0.0001,0.0000,0.0000
16.428,0.2814,0.0001,0.0000,0.0000
16.480,0.1995,0.0001,0.0000,0.0000
16.530,0.1408,0.0001,0.0000,0.0000
16.581,0.0948,0.0001,0.0000,0.0000
16.631,0.0924,0.0001,0.0000,0.0000
16.681,0.0965,0.0001,0.0000,0.0000
16.731,0.0831,0.0001,0.0000,0.0000
16.781,0.0961,0.0001,0.0000,0.0000
16.831,0.1540,0.0001,0.0000,0.0000
16.881,0.1580,0.0001,0.0000,0.0000
16.932,0.1293,0.0001,0.0000,0.0000
16.982,0.1508,0.0001,0.0000,0.0000
17.033,0.1776,0.0001,0.0000,0.0000
17.083,0.1276,0.0001,0.0000,0.0000
17.133,0.1176,0.0001,0.0000,0.0000
17.183,0.4370,0.0001,0.0000,0.0057
17.236,0.2795,0.0000,0.0000,0.0000
17.287,0.2621,0.0000,0.0000,0.0000
17.337,0.2549,0.0000,0.0000,0.0000
17.387,0.2651,0.0000,0.0000,0.0000
17.437,0.1966,0.0000,0.0000,0.0000
17.488,0.1515,0.0000,0.0000,0.0000
17.538,0.1187,0.0000,0.0000,0.0000
17.588,0.1170,0.0000,0.0000,0.0000
17.639,0.1048,0.0000,0.0000,0.0000
17.689,0.1046,0.0000,0.0000,0.0000
17.739,0.1435,0.0000,0.0000,0.0000
17.789,0.1557,0.0000,0.0000,0.0000
17.839,0.1542,0.0000,0.0000,0.0000
17.889,0.1563,0.0000,0.0000,0.0000
17.940,0.1673,0.0000,0.0000,0.0000
17.991,0.1451,0.0000,0.0000,0.0000
18.041,0.1281,0.0000,0.0000,0.0000
18.092,0.1574,0.0000,0.0000,0.0000
18.142,0.1637,0.0000,0.0000,0.0000
18.195,0.1137,0.0000,0.0000,0.0000
18.245,0.1038,0.0000,0.0000,0.0000
18.295,0.1736,0.0000,0.0000,0.0000
18.346,0.2162,0.0000,0.0000,0.0000
18.396,0.2024,0.0000,0.0000,0.0000
18.451,0.2524,0.0000,0.0000,0.0000
18.501,0.2673,0.0000,0.0000,0.0548
18.551,0.2366,0.0000,0.0000,0.0660
18.602,0.2237,0.0000,0.0000,0.0000
18.652,0.2305,0.0000,0.0000,0.0000
18.702,0.2275,0.0000,0.0000,0.0000
18.752,0.1460,0.0000,0.0000,0.0000
18.802,0.1329,0.0000,0.0000,0.0000
18.852,0.1844,0.0000,0.0000,0.0000
18.902,0.2086,0.0000,0.0000,0.0000
18.952,0.1954,0.0000,0.0000,0.0000
19.006,0.2200,0.0000,0.0000,0.0000
19.056,0.2233,0.0000,0.0000,0.0000
19.106,0.1582,0.0000,0.0000,0.0000
19.156,0.1203,0.0000,0.0000,0.0000
19.206,0.1729,0.0000,0.0000,0.0000
19.260,0.2902,0.0000,0.0000,0.0000
19.310,0.2536,0.0000,0.0000,0.0000
19.360,0.2418,0.0000,0.0000,0.0000
19.411,0.4488,0.0000,0.0000,0.1537
19.461,0.3459,0.0000,0.0000,0.1189
19.511,0.3179,0.0000,0.0000,0.1112
19.561,0.2979,0.0000,0.0000,0.0393
19.611,0.2892,0.0000,0.0000,0.0332
19.662,0.1979,0.0000,0.0000,0.0171
19.712,0.1193,0.0000,0.0000,0.0000
19.762,0.1082,0.0000,0.0000,0.0000
19.812,0.1064,0.0000,0.0000,0.0000
19.862,0.0932,0.0000,0.0000,0.0950
19.912,0.0906,0.0000,0.0000,0.0737
19.965,0.1207,0.0000,0.0000,0.0379
20.015,0.1246,0.0000,0.0000,0.0096
20.065,0.1170,0.0000,0.0000,0.0056
20.115,0.1241,0.0000,0.0000,0.0000
20.165,0.1345,0.0000,0.0000,0.0000
20.215,0.1199,0.0000,0.0000,0.0000
20.265,0.0942,0.0000,0.0000,0.0685
20.315,0.0902,0.0000,0.0000,0.1415
20.367,0.1877,0.0000,0.0000,0.0965
20.417,0.1779,0.0000,0.0000,0.0818
20.467,0.1712,0.0000,0.0000,0.0462
20.517,0.2204,0.0000,0.0000,0.0306
20.567,0.2242,0.0000,0.0000,0.0035
20.617,0.1984,0.0000,0.0000,0.0000
20.667,0.1919,0.0000,0.0000,0.0000
20.717,0.2111,0.0000,0.0000,0.1011
20.767,0.1984,0.0000,0.0000,0.1445
20.817,0.1482,0.0000,0.0000,0.0885
20.867,0.1383,0.0000,0.0000,0.0714
20.917,0.1431,0.0000,0.0000,0.0228
20.967,0.1295,0.0000,0.0000,0.0038
21.018,0.1280,0.0000,0.0000,0.0000
21.070,0.2166,0.0000,0.0000,0.0000
21.120,0.2354,0.0000,0.0000,0.0000
21.171,0.2227,0.0000,0.0000,0.0929
21.222,0.2184,0.0000,0.0000,0.1082
21.273,0.2366,0.0000,0.0000,0.1185
21.323,0.2212,0.0000,0.0000,0.0966
21.373,0.1506,0.0000,0.0000,0.0492
21.424,0.1633,0.0000,0.0000,0.0330
21.474,0.1983,0.0000,0.0000,0.0000
21.524,0.1539,0.0000,0.0000,0.0000
21.574,0.1448,0.0000,0.0000,0.0000
21.624,0.1358,0.0000,0.0000,0.0320
21.675,0.3595,0.0000,0.0000,0.0880
21.725,0.3073,0.0000,0.0000,0.0668
21.775,0.2788,0.0000,0.0000,0.0289
21.825,0.2759,0.0000,0.0000,0.0127
21.875,0.2390,0.0000,0.0000,0.0159
21.926,0.1316,0.0000,0.0000,0.0000
21.977,0.1166,0.0000,0.0000,0.0000
22.027,0.1382,0.0000,0.0000,0.0000
22.077,0.1369,0.0000,0.0000,0.1390
22.127,0.1340,0.0000,0.0000,0.1176
22.183,0.1403,0.0000,0.0000,0.0912
22.229,0.2229,0.0000,0.0000,0.0774
22.279,0.2178,0.0000,0.0000,0.0485
22.333,0.2192,0.0000,0.0000,0.0287
22.384,0.2327,0.0000,0.0000,0.0200
22.434,0.2067,0.0000,0.0000,0.0386
22.484,0.1456,0.0000,0.0000,0.1058
22.534,0.1754,0.0000,0.0000,0.1901
22.584,0.2523,0.0000,0.0000,0.1573
22.633,0.2376,0.0000,0.0000,0.1293
22.684,0.2199,0.0000,0.0000,0.0899
22.737,0.2518,0.0000,0.0000,0.0644
22.785,0.3476,0.0000,0.0000,0.0366
22.835,0.2844,0.0000,0.0000,0.0416
22.885,0.2584,0.0000,0.0000,0.0541
22.935,0.2227,0.0000,0.0000,0.1104
22.985,0.1833,0.0000,0.0000,0.2106
23.036,0.1061,0.0000,0.0000,0.1460
23.086,0.0920,0.0000,0.0000,0.1659
23.137,0.1105,0.0000,0.0000,0.1241
23.187,0.1149,0.0000,0.0000,0.1073
23.238,0.1123,0.0000,0.0000,0.0674
23.288,0.1824,0.0000,0.0000,0.0412
23.338,0.2186,0.0000,0.0000,0.0206
23.389,0.2227,0.0000,0.0000,0.0000
23.439,0.1967,0.0000,0.0000,0.1634
23.489,0.2024,0.0000,0.0000,0.1428
23.539,0.1979,0.0000,0.0000,0.1276
23.589,0.1797,0.0000,0.0000,0.0997
23.639,0.1516,0.0000,0.0000,0.0792
23.689,0.1841,0.0000,0.0000,0.0600
23.739,0.1889,0.0000,0.0000,0.0389
23.789,0.1668,0.0000,0.0000,0.0247
23.839,0.1644,0.0000,0.0000,0.0725
23.890,0.4226,0.0000,0.0000,0.1724
23.940,0.3392,0.0000,0.0000,0.1427
23.990,0.3022,0.0000,0.0000,0.1438
24.042,0.2987,0.0000,0.0000,0.1084
24.092,0.2505,0.0000,0.0000,0.1205
24.142,0.1739,0.0000,0.0000,0.1041
24.192,0.1102,0.0000,0.0000,0.1082
24.243,0.1345,0.0000,0.0000,0.0779
24.295,0.1391,0.0000,0.0000,0.1800
24.345,0.1386,0.0000,0.0000,0.1603
24.395,0.1374,0.0000,0.0000,0.1192
24.445,0.1714,0.0000,0.0000,0.1141
24.495,0.1494,0.0000,0.0000,0.0698
24.546,0.1431,0.0000,0.0000,0.0875
24.597,0.1620,0.0000,0.0000,0.0531
24.647,0.1810,0.0000,0.0000,0.0754
24.697,0.1284,0.0000,0.0000,0.0305
24.747,0.1190,0.0000,0.0000,0.1576
24.799,0.3723,0.0000,0.0000,0.1655
24.849,0.2761,0.0000,0.0000,0.1823
24.900,0.2409,0.0000,0.0000,0.1879
24.950,0.2362,0.0000,0.0000,0.1437
25.000,0.2758,0.0000,0.0000,0.1485
25.052,0.2259,0.0000,0.0000,0.0845
25.102,0.1987,0.0000,0.0000,0.0983
25.152,0.1831,0.0000,0.0000,0.0593
25.203,0.1473,0.0000,0.0000,0.2026
25.253,0.1201,0.0000,0.0000,0.1862
25.304,0.1016,0.0000,0.0000,0.1565
25.355,0.1412,0.0000,0.0000,0.1272
25.405,0.1501,0.0000,0.0000,0.0910
25.455,0.1382,0.0000,0.0000,0.0806
25.505,0.1379,0.0000,0.0000,0.0541
25.555,0.1689,0.0000,0.0000,0.0592
25.605,0.1494,0.0000,0.0000,0.0244
25.655,0.1295,0.0000,0.0000,0.1857
25.705,0.1695,0.0000,0.0000,0.1544
25.755,0.1846,0.0000,0.0000,0.1811
25.805,0.1830,0.0000,0.0000,0.1640
25.856,0.1810,0.0000,0.0000,0.1494
25.906,0.2214,0.0000,0.0000,0.1347
25.956,0.2542,0.0000,0.0000,0.1299
26.006,0.2332,0.0000,0.0000,0.1285
26.056,0.2209,0.0000,0.0000,0.1060
26.106,0.3035,0.0000,0.0000,0.2517
26.156,0.2694,0.0000,0.0000,0.2333
26.206,0.2352,0.0000,0.0000,0.2348
26.256,0.2260,0.0000,0.0000,0.2179
26.306,0.2366,0.0000,0.0000,0.2238
26.356,0.2311,0.0000,0.0000,0.2318
26.406,0.1970,0.0000,0.0000,0.2175
26.456,0.2387,0.0000,0.0000,0.2499
26.508,0.2978,0.0000,0.0000,0.2942
26.560,0.2882,0.0016,0.0523,0.3554
26.610,0.2859,0.0021,0.0202,0.3337
26.660,0.3359,0.0029,0.0290,0.3408
26.710,0.2945,0.0030,0.0038,0.3144
26.762,0.1920,0.0030,0.0057,0.3177
26.813,0.1744,0.0029,0.0005,0.3054
26.863,0.1916,0.0028,0.0000,0.2762
26.913,0.1553,0.0026,0.0000,0.2710
26.963,0.1455,0.0026,0.0000,0.2463
27.014,0.4600,0.0038,0.0144,0.3284
27.064,0.3506,0.0037,0.0003,0.3041
27.114,0.2987,0.0036,0.0002,0.3031
27.164,0.2869,0.0033,0.0000,0.2459
27.214,0.3025,0.0032,0.0000,0.2483
27.267,0.1993,0.0031,0.0000,0.2220
27.317,0.1554,0.0030,0.0000,0.2237
27.368,0.1231,0.0029,0.0000,0.2149
27.419,0.1392,0.0027,0.0000,0.2597
27.469,0.1297,0.0026,0.0000,0.2946
27.520,0.1174,0.0025,0.0000,0.2623
27.570,0.1699,0.0024,0.0000,0.2590
27.621,0.2048,0.0023,0.0000,0.2293
27.671,0.2145,0.0022,0.0000,0.2410
27.722,0.2154,0.0021,0.0000,0.2210
27.772,0.2609,0.0020,0.0000,0.2314
27.822,0.2344,0.0019,0.0000,0.2010
27.873,0.2001,0.0019,0.0000,0.1666
27.923,0.1731,0.0018,0.0000,0.2432
27.973,0.1801,0.0017,0.0000,0.2122
28.025,0.1750,0.0017,0.0000,0.2370
28.075,0.1680,0.0016,0.0000,0.1696
28.125,0.2123,0.0015,0.0000,0.2003
28.177,0.2665,0.0014,0.0000,0.1579
28.227,0.2656,0.0014,0.0000,0.1990
28.277,0.2573,0.0013,0.0000,0.1798
28.328,0.2745,0.0013,0.0000,0.2581
28.378,0.2179,0.0012,0.0000,0.2454
28.428,0.1770,0.0012,0.0000,0.2090
28.480,0.1407,0.0011,0.0000,0.2249
28.530,0.1605,0.0011,0.0000,0.1949
28.580,0.1552,0.0010,0.0000,0.2070
28.630,0.1531,0.0010,0.0000,0.1680
28.680,0.1626,0.0010,0.0000,0.1896
28.730,0.2603,0.0009,0.0000,0.1473
28.780,0.2596,0.0009,0.0000,0.2283
28.830,0.2439,0.0009,0.0000,0.2091
28.880,0.2554,0.0008,0.0000,0.1872
28.930,0.2072,0.0008,0.0000,0.1706
28.982,0.1329,0.0007,0.0000,0.1469
29.032,0.1191,0.0007,0.0000,0.1375
29.082,0.1549,0.0007,0.0000,0.1101
29.132,0.1507,0.0006,0.0000,0.1297
29.182,0.1472,0.0006,0.0000,0.1007
29.232,0.2029,0.0006,0.0000,0.2020
29.282,0.3387,0.0006,0.0000,0.1779
29.333,0.2925,0.0006,0.0000,0.1855
29.383,0.2465,0.0005,0.0000,0.1726
29.434,0.3165,0.0005,0.0000,0.1735
29.484,0.3387,0.0005,0.0000,0.1886
29.534,0.1902,0.0005,0.0000,0.1622
29.584,0.1639,0.0004,0.0000,0.2014
29.638,0.1678,0.0004,0.0000,0.1832
29.685,0.1557,0.0004,0.0000,0.2984
29.735,0.1475,0.0004,0.0000,0.2730
29.785,0.1945,0.0004,0.0000,0.2689
29.836,0.2706,0.0004,0.0000,0.2477
29.886,0.2315,0.0004,0.0000,0.2057
29.936,0.1982,0.0003,0.0000,0.2115
29.986,0.2042,0.0003,0.0000,0.1791
30.036,0.1769,0.0003,0.0000,0.2071
30.086,0.1443,0.0003,0.0000,0.1732
30.137,0.1227,0.0003,0.0000,0.2744
30.188,0.1582,0.0003,0.0000,0.2553
30.238,0.1668,0.0003,0.0000,0.2856
30.290,0.1680,0.0002,0.0000,0.2414
30.340,0.1719,0.0002,0.0000,0.2566
30.391,0.2549,0.0002,0.0000,0.2537
30.441,0.2680,0.0002,0.0000,0.2234
30.491,0.2390,0.0002,0.0000,0.2267
30.541,0.2323,0.0002,0.0000,0.1883
30.591,0.1841,0.0002,0.0000,0.2655
30.641,0.1507,0.0002,0.0000,0.2395
30.694,0.1220,0.0002,0.0000,0.2428
30.741,0.1403,0.0002,0.0000,0.2054
30.791,0.1512,0.0002,0.0000,0.1951
30.843,0.1374,0.0002,0.0000,0.1712
30.894,0.1489,0.0001,0.0000,0.1743
30.945,0.2158,0.0001,0.0000,0.1810
30.996,0.2233,0.0001,0.0000,0.2076
31.046,0.2170,0.0001,0.0000,0.2499
31.097,0.2481,0.0001,0.0000,0.2295
31.147,0.2410,0.0001,0.0000,0.2390
31.196,0.2037,0.0001,0.0000,0.2175
31.247,0.1433,0.0001,0.0000,0.2207
31.298,0.1805,0.0001,0.0000,0.2025
31.348,0.2065,0.0001,0.0000,0.2177
31.399,0.2016,0.0001,0.0000,0.1972
31.450,0.2059,0.0001,0.0000,0.1637
31.500,0.3888,0.0001,0.0000,0.2460
31.551,0.3203,0.0001,0.0000,0.2156
31.605,0.2843,0.0001,0.0000,0.2485
31.651,0.2563,0.0001,0.0000,0.1990
31.701,0.1971,0.0001,0.0000,0.2279
31.752,0.1244,0.0001,0.0000,0.1831
31.802,0.1029,0.0001,0.0000,0.2212
31.852,0.1285,0.0001,0.0000,0.2153
31.902,0.1677,0.0001,0.0000,0.2724
31.952,0.1472,0.0001,0.0000,0.2919
32.002,0.1431,0.0001,0.0000,0.2620
32.052,0.2344,0.0001,0.0000,0.2883
32.102,0.2437,0.0001,0.0000,0.2583
32.152,0.2004,0.0001,0.0000,0.2609
32.202,0.2098,0.0001,0.0000,0.2308
32.252,0.1996,0.0000,0.0000,0.2301
32.302,0.1129,0.0000,0.0000,0.2026
32.353,0.0961,0.0000,0.0000,0.2652
32.408,0.1043,0.0000,0.0000,0.2709
32.453,0.1652,0.0000,0.0000,0.2366
32.503,0.1610,0.0000,0.0000,0.2322
32.556,0.1545,0.0000,0.0000,0.2079
32.603,0.2020,0.0000,0.0000,0.2059
32.653,0.2067,0.0000,0.0000,0.1818
32.703,0.1742,0.0000,0.0000,0.1894
32.753,0.1779,0.0000,0.0000,0.1691
32.803,0.1800,0.0000,0.0000,0.2257
32.853,0.1237,0.0000,0.0000,0.2359
32.902,0.1124,0.0000,0.0000,0.2404
32.953,0.1072,0.0000,0.0000,0.2558
33.004,0.1548,0.0000,0.0000,0.2325
33.054,0.1565,0.0000,0.0000,0.2597
33.105,0.1631,0.0000,0.0000,0.2305
33.156,0.2795,0.0000,0.0000,0.2702
33.206,0.2635,0.0000,0.0000,0.2483
33.256,0.2340,0.0000,0.0003,0.3037
33.306,0.2297,0.0000,0.0000,0.2910
33.361,0.2492,0.0000,0.0000,0.2718
33.407,0.2150,0.0000,0.0000,0.2970
33.457,0.1861,0.0000,0.0000,0.2751
33.512,0.1756,0.0000,0.0001,0.3017
33.558,0.2590,0.0000,0.0000,0.2644
33.608,0.2427,0.0003,0.0075,0.3204
33.661,0.2417,0.0008,0.0028,0.3125
33.711,0.3801,0.0058,0.1670,0.4038
33.761,0.3525,0.0097,0.1372,0.3931
33.811,0.2800,0.0167,0.1674,0.4039
33.861,0.2689,0.0202,0.1340,0.3919
33.911,0.2861,0.0220,0.0809,0.3699
33.961,0.2094,0.0285,0.1184,0.3859
34.012,0.1659,0.0295,0.0608,0.3600
34.065,0.1580,0.0319,0.0620,0.3607
34.115,0.2275,0.0314,0.0159,0.3299
34.165,0.2204,0.0350,0.1528,0.3988
34.215,0.1970,0.0378,0.0643,0.3618
34.265,0.2059,0.0387,0.0689,0.3641
34.316,0.2203,0.0389,0.0428,0.3499
34.366,0.1344,0.0377,0.0265,0.3388
34.416,0.1237,0.0373,0.0243,0.3372
34.467,0.1427,0.0364,0.0047,0.3161
34.517,0.1706,0.0348,0.0074,0.3202
34.567,0.1600,0.0337,0.0000,0.2851
34.617,0.1621,0.0342,0.0475,0.3527
34.667,0.3054,0.0337,0.0115,0.3253
34.717,0.2748,0.0333,0.0217,0.3350
34.771,0.2408,0.0315,0.0000,0.2912
34.821,0.2582,0.0307,0.0031,0.3129
34.871,0.2868,0.0299,0.0040,0.3148
34.921,0.1858,0.0285,0.0119,0.3257
34.971,0.1659,0.0280,0.0123,0.3262
35.026,0.1727,0.0271,0.0000,0.2981
35.071,0.1634,0.0283,0.0504,0.3544
35.121,0.1626,0.0276,0.0069,0.3196
35.175,0.2090,0.0266,0.0146,0.3286
35.225,0.2675,0.0258,0.0004,0.3048
35.275,0.2741,0.0252,0.0055,0.3175
35.326,0.2570,0.0239,0.0001,0.3024
35.376,0.2719,0.0232,0.0018,0.3099
35.426,0.2756,0.0229,0.0131,0.3271
35.476,0.2065,0.0230,0.0463,0.3520
35.526,0.1805,0.0241,0.0594,0.3593
35.578,0.2034,0.0244,0.0440,0.3506
35.628,0.1971,0.0250,0.0443,0.3508
35.678,0.1875,0.0245,0.0098,0.3233
35.729,0.2580,0.0242,0.0241,0.3370
35.780,0.3061,0.0236,0.0036,0.3140
35.830,0.2869,0.0224,0.0059,0.3181
35.881,0.2820,0.0217,0.0000,0.2988
35.931,0.2834,0.0211,0.0000,0.2711
35.981,0.2644,0.0208,0.0035,0.3139
36.032,0.2048,0.0202,0.0000,0.2782
36.082,0.1565,0.0190,0.0000,0.2658
36.132,0.1711,0.0184,0.0000,0.2416
36.182,0.1708,0.0179,0.0000,0.2513
36.232,0.1660,0.0168,0.0000,0.2241
36.282,0.1678,0.0163,0.0000,0.2459
36.332,0.2387,0.0158,0.0000,0.2379
36.383,0.2524,0.0149,0.0000,0.2895
36.434,0.2373,0.0144,0.0000,0.2830
36.485,0.3067,0.0136,0.0000,0.2714
36.535,0.2729,0.0132,0.0000,0.2766
36.585,0.2429,0.0128,0.0000,0.2631
36.635,0.1648,0.0120,0.0000,0.2811
36.685,0.1950,0.0117,0.0000,0.2558
36.736,0.2025,0.0110,0.0000,0.2862
36.786,0.2022,0.0106,0.0000,0.2657
36.836,0.2034,0.0105,0.0058,0.3178
36.887,0.3993,0.0103,0.0000,0.3001
36.937,0.3350,0.0100,0.0000,0.2635
36.990,0.2932,0.0097,0.0000,0.2976
37.037,0.2710,0.0091,0.0000,0.2590
37.087,0.2865,0.0088,0.0000,0.2931
37.137,0.1984,0.0083,0.0000,0.2580
37.188,0.1702,0.0080,0.0000,0.3005
37.240,0.1973,0.0076,0.0000,0.2766
37.290,0.1925,0.0093,0.0663,0.3628
37.340,0.1803,0.0102,0.0382,0.3470
37.390,0.1710,0.0106,0.0299,0.3414
37.440,0.2848,0.0106,0.0108,0.3245
37.490,0.2818,0.0103,0.0003,0.3043
37.540,0.2550,0.0102,0.0043,0.3154
37.591,0.2511,0.0099,0.0000,0.2956
37.641,0.2387,0.0098,0.0040,0.3149
37.691,0.1990,0.0095,0.0000,0.2914
37.741,0.1510,0.0106,0.0459,0.3518
37.791,0.1643,0.0108,0.0019,0.3102
37.841,0.1614,0.0105,0.0020,0.3105
37.892,0.1430,0.0100,0.0000,0.2909
37.942,0.1435,0.0097,0.0000,0.2860
37.992,0.2052,0.0094,0.0000,0.2825
38.043,0.2292,0.0088,0.0000,0.2685
38.094,0.2123,0.0086,0.0000,0.2833
38.144,0.2395,0.0081,0.0000,0.2431
38.195,0.2455,0.0078,0.0002,0.3030
38.245,0.1995,0.0076,0.0000,0.2833
38.295,0.1541,0.0071,0.0000,0.2935
38.345,0.1724,0.0069,0.0000,0.2810
38.396,0.2122,0.0065,0.0000,0.2931
38.446,0.2169,0.0063,0.0000,0.2888
38.496,0.2176,0.0061,0.0000,0.2761
38.547,0.3563,0.0058,0.0000,0.2976
38.597,0.3090,0.0056,0.0000,0.2754
38.648,0.2671,0.0058,0.0022,0.3110
38.698,0.2624,0.0056,0.0000,0.2819
38.749,0.2969,0.0055,0.0000,0.2864
38.799,0.2133,0.0051,0.0000,0.2934
38.849,0.1703,0.0051,0.0041,0.3150
38.902,0.1716,0.0051,0.0063,0.3186
38.949,0.2118,0.0055,0.0214,0.3348
39.000,0.2119,0.0064,0.0338,0.3441
39.051,0.2169,0.0084,0.0750,0.3671
39.101,0.3437,0.0106,0.0826,0.3707
39.152,0.3403,0.0112,0.0296,0.3411
39.202,0.2767,0.0142,0.0726,0.3660
39.252,0.2616,0.0148,0.0368,0.3461
39.303,0.2422,0.0174,0.0734,0.3663
39.354,0.1752,0.0184,0.0503,0.3543
39.408,0.1544,0.0184,0.0198,0.3335
39.454,0.1559,0.0197,0.0279,0.3400
39.505,0.1714,0.0196,0.0145,0.3285
39.555,0.1669,0.0218,0.0310,0.3422
39.605,0.1658,0.0212,0.0022,0.3110
39.656,0.1843,0.0207,0.0038,0.3144
39.706,0.1954,0.0195,0.0000,0.2914
39.756,0.1837,0.0189,0.0006,0.3056
39.808,0.1953,0.0178,0.0000,0.2967
39.858,0.2037,0.0175,0.0074,0.3203
39.908,0.2033,0.0173,0.0100,0.3236
39.958,0.1610,0.0185,0.0724,0.3658
40.008,0.1741,0.0192,0.0418,0.3493
40.058,0.2250,0.0189,0.0081,0.3211
40.108,0.2184,0.0195,0.0302,0.3416
40.158,0.2064,0.0193,0.0128,0.3268
40.211,0.3414,0.0216,0.0683,0.3638
40.261,0.3322,0.0229,0.0651,0.3622
40.312,0.3114,0.0243,0.0698,0.3646
40.363,0.2706,0.0276,0.0597,0.3594
40.413,0.2820,0.0310,0.1418,0.3948
40.467,0.2193,0.0373,0.1064,0.3810
40.517,0.1820,0.0387,0.0827,0.3707
40.567,0.1983,0.0417,0.1400,0.3941
40.619,0.2384,0.0465,0.1391,0.3938
40.669,0.2289,0.0495,0.1485,0.3972
40.719,0.2272,0.0515,0.1142,0.3842
40.769,0.3071,0.0607,0.2336,0.4255
40.819,0.2975,0.0651,0.2071,0.4172
40.869,0.2703,0.0741,0.3664,0.4640
40.919,0.2322,0.0870,0.2540,0.4318
40.969,0.2318,0.0941,0.3234,0.4520
41.019,0.1856,0.1042,0.4330,0.4821
41.069,0.1399,0.1292,0.5653,0.5175
41.119,0.1814,0.1437,0.6100,0.5296
41.170,0.2191,0.1584,0.6359,0.5366
41.221,0.2179,0.1901,0.7087,0.5572
41.272,0.2163,0.2058,0.7141,0.5588
41.326,0.2499,0.2233,0.7890,0.5816
41.374,0.3393,0.2534,0.7192,0.5603
41.425,0.2814,0.2674,0.7212,0.5609
41.475,0.2701,0.2960,0.7519,0.5700
41.527,0.2872,0.3094,0.7446,0.5678
41.581,0.2184,0.3377,0.7891,0.5816
41.632,0.1899,0.3515,0.7973,0.5843
41.682,0.1933,0.3653,0.8113,0.5889
41.732,0.2175,0.3931,0.8555,0.6043
41.783,0.2133,0.4078,0.8848,0.6154
41.833,0.2119,0.4215,0.8634,0.6072
41.883,0.2452,0.4472,0.8723,0.6105
41.934,0.2468,0.4597,0.8621,0.6067
41.985,0.2322,0.4714,0.8517,0.6028
42.035,0.2246,0.4959,0.8864,0.6161
42.085,0.2844,0.5071,0.8698,0.6096
42.137,0.2677,0.5297,0.8896,0.6174
42.187,0.2370,0.5399,0.8691,0.6093
42.238,0.2390,0.5521,0.9479,0.6447
42.289,0.3034,0.5732,0.9006,0.6219
42.340,0.2647,0.5834,0.9113,0.6266
42.390,0.2312,0.5927,0.8926,0.6186
42.440,0.2771,0.6108,0.9161,0.6287
42.490,0.2600,0.6192,0.8935,0.6189
42.540,0.2265,0.6271,0.8815,0.6141
42.591,0.2416,0.6428,0.8856,0.6158
42.641,0.2889,0.6500,0.8824,0.6145
42.692,0.2552,0.6665,0.9158,0.6286
42.742,0.2204,0.6728,0.8742,0.6113
42.792,0.2362,0.6795,0.8960,0.6200
42.842,0.2878,0.6901,0.8473,0.6013
42.892,0.2677,0.6954,0.8672,0.6086
42.945,0.2391,0.6998,0.8424,0.5995
42.992,0.2660,0.7076,0.8492,0.6019
43.042,0.2787,0.7118,0.8480,0.6015
43.092,0.2256,0.7197,0.8777,0.6126
43.143,0.2098,0.7226,0.8145,0.5899
43.195,0.2365,0.7238,0.7638,0.5737
43.243,0.2518,0.7256,0.7479,0.5688
43.293,0.2239,0.7258,0.7313,0.5638
43.344,0.2392,0.7258,0.7182,0.5600
43.394,0.2476,0.7241,0.6692,0.5459
43.445,0.2267,0.7229,0.6821,0.5496
43.496,0.2153,0.7197,0.6589,0.5430
43.547,0.2361,0.7193,0.7069,0.5567
43.597,0.2905,0.7194,0.7221,0.5611
43.647,0.2422,0.7145,0.6258,0.5339
43.697,0.2201,0.7117,0.6204,0.5324
43.748,0.2481,0.7086,0.6072,0.5288
43.798,0.2804,0.7046,0.6599,0.5433
43.848,0.2531,0.7022,0.6262,0.5340
43.899,0.2767,0.6997,0.6712,0.5465
43.949,0.2884,0.6988,0.6707,0.5463
44.000,0.2539,0.7017,0.7957,0.5837
44.050,0.2290,0.7057,0.7467,0.5685
44.100,0.2618,0.7072,0.7549,0.5709
44.150,0.2665,0.7094,0.7814,0.5792
44.200,0.2478,0.7132,0.7796,0.5786
44.250,0.2463,0.7159,0.8024,0.5859
44.300,0.2826,0.7185,0.8022,0.5858
44.350,0.2817,0.7263,0.8674,0.6087
44.400,0.2616,0.7299,0.8458,0.6007
44.450,0.2546,0.7355,0.9187,0.6299
44.500,0.3165,0.7455,0.8877,0.6166
44.551,0.2901,0.7498,0.8891,0.6172
44.602,0.2480,0.7578,0.8820,0.6143
44.653,0.2744,0.7617,0.8874,0.6165
44.703,0.2782,0.7661,0.9096,0.6258
44.753,0.2306,0.7745,0.9084,0.6253
44.803,0.2220,0.7789,0.9219,0.6314
44.860,0.2293,0.7829,0.9116,0.6267
44.905,0.2523,0.7910,0.9407,0.6408
44.955,0.2375,0.7962,0.9647,0.6549
45.008,0.3025,0.8073,0.9898,0.6762
45.059,0.3800,0.8128,0.9935,0.6810
45.109,0.3093,0.8184,0.9976,0.6885
45.159,0.2433,0.8291,1.0000,0.7317
45.209,0.2529,0.8342,1.0000,0.7426
45.259,0.2841,0.8392,1.0000,0.7608
45.309,0.2621,0.8487,1.0000,0.7722
45.360,0.2482,0.8533,1.0000,0.7825
45.410,0.2905,0.8577,1.0000,0.7861
45.461,0.2936,0.8661,1.0000,0.7952
45.511,0.2613,0.8701,1.0000,0.7970
45.561,0.2486,0.8740,1.0000,0.7985
45.611,0.3337,0.8814,1.0000,0.8065
45.661,0.3038,0.8850,1.0000,0.8045
45.711,0.2769,0.8884,1.0000,0.8009
45.761,0.2733,0.8950,1.0000,0.7990
45.811,0.2750,0.8982,1.0000,0.8058
45.862,0.2604,0.9012,1.0000,0.7991
45.912,0.2193,0.9071,1.0000,0.7942
45.962,0.2642,0.9099,1.0000,0.7980
46.012,0.3056,0.9126,1.0000,0.8007
46.062,0.2656,0.9177,1.0000,0.7988
46.112,0.2570,0.9202,1.0000,0.7987
46.168,0.3363,0.9226,1.0000,0.8046
46.213,0.2939,0.9272,1.0000,0.8063
46.263,0.2703,0.9294,1.0000,0.8186
46.317,0.2605,0.9315,1.0000,0.8132
46.363,0.2837,0.9355,1.0000,0.8139
46.414,0.2609,0.9375,1.0000,0.8089
46.465,0.2379,0.9412,1.0000,0.8103
46.515,0.2800,0.9429,1.0000,0.8114
46.565,0.2945,0.9446,1.0000,0.8112
46.616,0.2562,0.9479,1.0000,0.8089
46.666,0.2455,0.9495,1.0000,0.7993
46.717,0.2587,0.9510,1.0000,0.7888
46.768,0.2444,0.9539,1.0000,0.7834
46.818,0.2286,0.9553,1.0000,0.7976
46.868,0.2136,0.9566,1.0000,0.7943
46.923,0.2890,0.9592,1.0000,0.7846
46.973,0.2795,0.9604,1.0000,0.7615
47.023,0.2502,0.9616,1.0000,0.7435
47.075,0.2783,0.9639,1.0000,0.7465
47.125,0.2967,0.9649,1.0000,0.7520
47.176,0.2826,0.9660,1.0000,0.7525
47.226,0.2575,0.9680,1.0000,0.7361
47.276,0.2787,0.9690,1.0000,0.7083
47.326,0.2524,0.9696,0.9900,0.6765
47.376,0.1954,0.9671,0.8998,0.6216
47.426,0.1945,0.9632,0.8360,0.5973
47.477,0.2226,0.9577,0.7791,0.5785
47.527,0.2042,0.9411,0.6400,0.5378
47.577,0.1942,0.9335,0.6880,0.5513
47.628,0.2122,0.9307,0.8404,0.5988
47.678,0.3080,0.9292,0.9045,0.6236
47.728,0.2893,0.9269,0.8502,0.6023
47.779,0.2786,0.9231,0.8001,0.5852
47.829,0.3278,0.9131,0.7342,0.5647
47.880,0.2991,0.9071,0.7137,0.5587
47.933,0.2358,0.9010,0.7045,0.5560
47.980,0.2022,0.8865,0.6245,0.5335
48.030,0.2166,0.8802,0.6769,0.5481
48.081,0.1769,0.8770,0.8455,0.6006
48.131,0.1631,0.8768,0.8730,0.6108
48.181,0.1718,0.8759,0.8470,0.6012
48.231,0.2067,0.8708,0.7866,0.5808
48.281,0.1882,0.8661,0.7149,0.5590
48.331,0.1770,0.8596,0.6493,0.5404
48.381,0.1959,0.8424,0.5352,0.5094
48.431,0.2020,0.8308,0.4562,0.4883
48.484,0.1758,0.8251,0.9109,0.6264
48.534,0.1731,0.8304,1.0000,0.7247
48.584,0.3535,0.8355,1.0000,0.8012
48.634,0.2524,0.8452,1.0000,0.9334
48.684,0.2263,0.8498,1.0000,0.9292
48.734,0.2110,0.8543,1.0000,0.9058
48.784,0.2434,0.8629,1.0000,0.8850
48.834,0.1980,0.8670,1.0000,0.8791
48.884,0.1310,0.8749,1.0000,0.8577
48.934,0.3120,0.8787,1.0000,0.8892
48.984,0.3367,0.8823,1.0000,0.9316
49.034,0.2847,0.8893,1.0000,0.9960
49.084,0.2750,0.8926,1.0000,1.0000
49.134,0.3078,0.8989,1.0000,1.0000
49.184,0.2682,0.9020,1.0000,1.0000
49.234,0.2325,0.9049,1.0000,1.0000
49.285,0.2061,0.9105,1.0000,0.9982
49.335,0.2269,0.9132,1.0000,0.9922
49.386,0.1588,0.9183,1.0000,1.0000
49.436,0.1281,0.9208,1.0000,1.0000
49.486,0.1320,0.9232,1.0000,1.0000
49.536,0.1622,0.9277,1.0000,1.0000
49.587,0.1586,0.9299,1.0000,1.0000
49.637,0.1420,0.9340,1.0000,1.0000
49.687,0.1993,0.9360,1.0000,1.0000
49.737,0.2339,0.9379,1.0000,1.0000
49.787,0.1829,0.9416,1.0000,1.0000
49.838,0.1712,0.9433,1.0000,1.0000
49.890,0.3429,0.9467,1.0000,1.0000
49.940,0.3054,0.9483,1.0000,1.0000
49.990,0.2622,0.9498,1.0000,1.0000
50.040,0.2341,0.9528,1.0000,1.0000
50.090,0.2201,0.9542,1.0000,0.9874
50.143,0.1748,0.9556,1.0000,0.9701
50.190,0.1140,0.9582,1.0000,0.9300
50.240,0.1111,0.9595,1.0000,0.9113
50.291,0.1085,0.9619,1.0000,0.9487
50.342,0.1037,0.9630,1.0000,0.9760
50.392,0.1337,0.9652,1.0000,0.9868
50.442,0.1622,0.9662,1.0000,0.9505
50.493,0.1744,0.9673,1.0000,0.9911
50.543,0.1719,0.9692,1.0000,0.9839
50.593,0.1839,0.9701,1.0000,0.9623
50.643,0.2090,0.9719,1.0000,0.9215
50.693,0.1957,0.9727,1.0000,0.9041
50.743,0.1745,0.9735,1.0000,0.9301
50.793,0.2655,0.9751,1.0000,0.9816
50.843,0.2784,0.9759,1.0000,0.9966
50.895,0.2233,0.9773,1.0000,0.9849
50.945,0.2142,0.9780,1.0000,0.9732
50.995,0.3067,0.9786,1.0000,0.9846
51.045,0.2923,0.9799,1.0000,0.9726
51.095,0.2744,0.9805,1.0000,0.9631
51.145,0.2626,0.9811,1.0000,0.9599
51.195,0.2966,0.9822,1.0000,0.9856
51.245,0.2784,0.9827,1.0000,1.0000
51.298,0.2648,0.9832,1.0000,1.0000
51.346,0.2821,0.9842,1.0000,0.9771
51.396,0.2848,0.9847,1.0000,0.9794
51.447,0.2035,0.9856,1.0000,0.9605
51.497,0.1718,0.9860,1.0000,0.9591
51.547,0.2037,0.9865,1.0000,0.9441
51.597,0.2348,0.9873,1.0000,0.9472
51.647,0.2349,0.9876,1.0000,0.9666
51.697,0.2365,0.9880,1.0000,0.9878
51.748,0.2597,0.9887,1.0000,1.0000
51.798,0.2452,0.9891,1.0000,1.0000
51.849,0.2275,0.9897,1.0000,1.0000
51.899,0.2549,0.9900,1.0000,1.0000
51.949,0.2604,0.9903,1.0000,0.9990
51.999,0.2250,0.9909,1.0000,0.9430
52.049,0.2128,0.9912,1.0000,0.9281
52.099,0.2275,0.9914,1.0000,0.9507
52.149,0.2409,0.9919,1.0000,0.9911
52.200,0.2145,0.9922,1.0000,1.0000
52.251,0.2303,0.9926,1.0000,1.0000
52.302,0.2665,0.9929,1.0000,0.9979
52.352,0.2196,0.9931,1.0000,0.9656
52.402,0.1503,0.9935,1.0000,0.9254
52.453,0.1484,0.9937,1.0000,0.9036
52.503,0.1969,0.9941,1.0000,0.8921
52.553,0.1937,0.9942,1.0000,0.9215
52.603,0.1897,0.9944,1.0000,0.9457
52.653,0.2692,0.9947,1.0000,0.9549
52.703,0.2997,0.9949,1.0000,0.9386
52.753,0.3031,0.9950,1.0000,0.9329
52.803,0.2935,0.9953,1.0000,0.9086
52.853,0.3001,0.9955,1.0000,0.9147
52.904,0.2643,0.9957,1.0000,0.8996
52.955,0.2458,0.9959,1.0000,0.9098
53.005,0.2400,0.9960,1.0000,0.9310
53.055,0.3285,0.9962,1.0000,0.9738
53.106,0.2987,0.9963,1.0000,0.9917
53.156,0.2773,0.9965,1.0000,0.9929
53.206,0.2701,0.9967,1.0000,0.9412
53.256,0.2374,0.9968,1.0000,0.9451
53.306,0.2054,0.9970,1.0000,0.9286
53.357,0.1986,0.9970,1.0000,0.9205
53.407,0.2146,0.9971,1.0000,0.9179
53.457,0.1876,0.9973,1.0000,0.9560
53.507,0.1702,0.9974,1.0000,0.9718
53.557,0.1570,0.9975,1.0000,0.9753
53.607,0.2417,0.9976,1.0000,0.9031
53.657,0.2515,0.9977,1.0000,0.8646
53.708,0.2503,0.9978,1.0000,0.8261
53.759,0.2610,0.9979,1.0000,0.8186
53.809,0.2724,0.9980,1.0000,0.7968
53.859,0.1937,0.9981,1.0000,0.8169
53.909,0.1753,0.9981,1.0000,0.8566
53.963,0.3708,0.9982,1.0000,0.9080
54.013,0.3583,0.9983,1.0000,0.9205
54.063,0.3320,0.9983,1.0000,0.9206
54.113,0.3186,0.9984,1.0000,0.8945
54.163,0.3252,0.9985,1.0000,0.8734
54.213,0.2813,0.9985,1.0000,0.8561
54.263,0.2135,0.9986,1.0000,0.8171
54.314,0.3009,0.9987,1.0000,0.8352
54.367,0.4214,0.9987,1.0000,0.8668
54.414,0.3140,0.9988,1.0000,0.9183
54.464,0.2991,0.9988,1.0000,0.9390
54.515,0.3048,0.9989,1.0000,0.9277
54.565,0.2651,0.9989,1.0000,0.9296
54.615,0.2328,0.9990,1.0000,0.9233
54.665,0.2142,0.9990,1.0000,0.9035
54.715,0.2335,0.9990,1.0000,0.8928
54.765,0.2141,0.9991,1.0000,0.9051
54.815,0.1675,0.9991,1.0000,0.9446
54.865,0.1644,0.9992,1.0000,0.9524
54.915,0.2478,0.9992,1.0000,0.9446
54.965,0.2542,0.9992,1.0000,0.9438
55.015,0.2473,0.9993,1.0000,0.9404
55.065,0.2573,0.9993,1.0000,0.9285
55.116,0.2610,0.9993,1.0000,0.9118
55.166,0.2197,0.9993,1.0000,0.9051
55.217,0.2120,0.9994,1.0000,0.9242
55.267,0.2742,0.9994,1.0000,0.9412
55.319,0.2797,0.9994,1.0000,0.9552
55.369,0.2277,0.9994,1.0000,0.9778
55.421,0.2193,0.9995,1.0000,0.9830
55.471,0.2993,0.9995,1.0000,0.9792
55.521,0.2754,0.9995,1.0000,0.9297
55.571,0.2476,0.9995,1.0000,0.9042
55.624,0.2356,0.9996,1.0000,0.8754
55.674,0.2024,0.9996,1.0000,0.8962
55.724,0.1633,0.9996,1.0000,0.9193
55.774,0.1482,0.9996,1.0000,0.9221
55.825,0.2306,0.9996,1.0000,0.9123
55.875,0.2616,0.9996,1.0000,0.9312
55.925,0.2481,0.9996,1.0000,0.9008
55.975,0.2467,0.9997,1.0000,0.8766
56.026,0.2492,0.9997,1.0000,0.8519
56.076,0.1559,0.9997,1.0000,0.8238
56.127,0.1335,0.9997,1.0000,0.8458
56.178,0.2265,0.9997,1.0000,0.8943
56.228,0.3123,0.9997,1.0000,0.8947
56.278,0.2949,0.9997,1.0000,0.8632
56.333,0.2761,0.9997,1.0000,0.8460
56.378,0.2737,0.9998,1.0000,0.8440
56.428,0.2246,0.9998,1.0000,0.8434
56.480,0.1441,0.9998,1.0000,0.8349
56.531,0.1718,0.9998,1.0000,0.8433
56.581,0.2652,0.9998,1.0000,0.8672
56.631,0.2489,0.9998,1.0000,0.9083
56.681,0.2469,0.9998,1.0000,0.9094
56.731,0.2654,0.9998,1.0000,0.8966
56.781,0.2408,0.9998,1.0000,0.8651
56.831,0.2120,0.9998,1.0000,0.8633
56.882,0.2025,0.9998,1.0000,0.8526
56.932,0.2306,0.9998,1.0000,0.8452
56.983,0.1937,0.9999,1.0000,0.8425
57.034,0.1471,0.9999,1.0000,0.8867
57.084,0.1383,0.9999,1.0000,0.9002
57.134,0.2171,0.9999,1.0000,0.8943
57.183,0.2736,0.9999,1.0000,0.8910
57.235,0.2735,0.9999,1.0000,0.8873
57.285,0.2920,0.9999,1.0000,0.8679
57.335,0.2661,0.9999,1.0000,0.8218
57.385,0.2190,0.9999,1.0000,0.8004
57.438,0.1763,0.9999,1.0000,0.7873
57.485,0.2435,0.9999,1.0000,0.8427
57.536,0.2699,0.9999,1.0000,0.8621
57.587,0.1454,0.9999,1.0000,0.9177
57.637,0.1510,0.9999,1.0000,0.9106
57.687,0.2095,0.9999,1.0000,0.8718
57.737,0.1854,0.9999,1.0000,0.8293
57.788,0.1701,0.9999,1.0000,0.8053
57.838,0.1573,0.9999,1.0000,0.7831
57.887,0.2174,0.9999,1.0000,0.7977
57.938,0.2178,0.9999,1.0000,0.8273
57.991,0.2124,0.9999,1.0000,0.8741
58.041,0.3108,0.9999,1.0000,0.8834
58.091,0.3553,0.9999,1.0000,0.8895
58.141,0.3140,0.9999,1.0000,0.8624
58.191,0.3034,0.9999,1.0000,0.8522
58.246,0.3272,0.9999,1.0000,0.8466
58.291,0.2616,1.0000,1.0000,0.8336
58.341,0.2388,1.0000,1.0000,0.8439
58.393,0.2729,1.0000,1.0000,0.8817
58.443,0.3199,1.0000,1.0000,0.8987
58.493,0.3161,1.0000,1.0000,0.9139
58.544,0.2962,1.0000,1.0000,0.8930
58.594,0.3102,1.0000,1.0000,0.8968
58.644,0.3118,1.0000,1.0000,0.8804
58.694,0.2854,1.0000,1.0000,0.8626
58.744,0.2792,1.0000,1.0000,0.8504
58.795,0.4186,1.0000,1.0000,0.8684
58.845,0.3084,1.0000,1.0000,0.8868
58.895,0.2907,1.0000,1.0000,0.8972
58.945,0.3077,1.0000,1.0000,0.8998
58.995,0.3054,1.0000,1.0000,0.8692
59.047,0.2566,1.0000,1.0000,0.8317
59.095,0.1843,1.0000,1.0000,0.7900
59.146,0.1689,1.0000,1.0000,0.7712
59.196,0.1652,1.0000,1.0000,0.7371
59.247,0.1519,1.0000,1.0000,0.7682
59.301,0.1342,1.0000,1.0000,0.7975
59.349,0.1689,1.0000,1.0000,0.8303
59.399,0.1902,1.0000,1.0000,0.8099
59.449,0.1756,1.0000,1.0000,0.8316
59.499,0.1754,1.0000,1.0000,0.8240
59.549,0.2314,1.0000,1.0000,0.8098
59.599,0.2031,1.0000,1.0000,0.7650
59.649,0.1922,1.0000,1.0000,0.7385
59.699,0.2320,1.0000,1.0000,0.7619
59.749,0.3124,1.0000,1.0000,0.8142
59.800,0.2729,1.0000,1.0000,0.8351
59.850,0.2441,1.0000,1.0000,0.8366
59.901,0.2387,1.0000,1.0000,0.8134
59.951,0.1731,1.0000,1.0000,0.8214
60.004,0.0884,1.0000,1.0000,0.8136
60.054,0.0852,1.0000,1.0000,0.8048
60.105,0.1244,1.0000,1.0000,0.7944
60.156,0.1390,1.0000,1.0000,0.8326
60.206,0.1286,1.0000,1.0000,0.8506
60.256,0.1282,1.0000,1.0000,0.8611
60.306,0.2425,1.0000,1.0000,0.8236
60.356,0.2294,1.0000,1.0000,0.8399
60.406,0.2252,1.0000,1.0000,0.8216
60.456,0.2318,1.0000,1.0000,0.8115
60.506,0.2203,1.0000,1.0000,0.8039
60.557,0.2075,1.0000,1.0000,0.8024
60.607,0.2055,1.0000,1.0000,0.8235
60.658,0.2578,1.0000,1.0000,0.8438
60.708,0.2838,1.0000,1.0000,0.8667
60.758,0.2576,1.0000,1.0000,0.8886
60.809,0.2944,1.0000,1.0000,0.8912
60.859,0.2990,1.0000,1.0000,0.8714
60.909,0.2557,1.0000,1.0000,0.8432
60.959,0.2061,1.0000,1.0000,0.7923
61.009,0.2044,1.0000,1.0000,0.7864
61.059,0.1885,1.0000,1.0000,0.8079
61.109,0.1286,1.0000,1.0000,0.8470
61.159,0.1161,1.0000,1.0000,0.8617
61.209,0.1852,1.0000,1.0000,0.8737
61.259,0.2365,1.0000,1.0000,0.8296
61.309,0.2325,1.0000,1.0000,0.8027
61.360,0.2427,1.0000,1.0000,0.7621
61.410,0.2506,1.0000,1.0000,0.7395
61.460,0.2064,1.0000,1.0000,0.7342
61.510,0.1712,1.0000,1.0000,0.7882
61.560,0.2173,1.0000,1.0000,0.8062
61.614,0.3133,1.0000,1.0000,0.8147
61.661,0.3041,1.0000,1.0000,0.7901
61.711,0.2929,1.0000,1.0000,0.7852
61.762,0.3290,1.0000,1.0000,0.7661
61.812,0.3112,1.0000,1.0000,0.7654
61.862,0.2914,1.0000,1.0000,0.7616
61.912,0.2929,1.0000,1.0000,0.7706
61.962,0.3336,1.0000,1.0000,0.7994
62.012,0.2958,1.0000,1.0000,0.8175
62.062,0.2523,1.0000,1.0000,0.8560
62.112,0.2431,1.0000,1.0000,0.8480
62.162,0.2122,1.0000,1.0000,0.8245
62.212,0.1073,1.0000,1.0000,0.8224
62.262,0.0682,1.0000,1.0000,0.8154
62.312,0.1095,1.0000,1.0000,0.8030
62.363,0.2374,1.0000,1.0000,0.8001
62.413,0.2493,1.0000,1.0000,0.8195
62.463,0.2548,1.0000,1.0000,0.8388
62.514,0.3631,1.0000,1.0000,0.8138
62.564,0.3272,1.0000,1.0000,0.8203
62.616,0.3025,1.0000,1.0000,0.7581
62.666,0.3150,1.0000,1.0000,0.7445
62.716,0.3251,1.0000,1.0000,0.7235
62.767,0.2532,0.9998,0.9949,0.6832
62.817,0.2375,0.9998,1.0000,0.7068
62.868,0.2676,0.9999,1.0000,0.7412
62.918,0.3099,0.9999,1.0000,0.7920
62.969,0.2549,0.9999,1.0000,0.8070
63.020,0.2176,0.9999,1.0000,0.7990
63.070,0.2603,0.9999,1.0000,0.7842
63.120,0.2397,0.9999,1.0000,0.7750
63.170,0.1847,0.9999,1.0000,0.7439
63.220,0.1876,0.9999,1.0000,0.7197
63.272,0.1975,0.9999,1.0000,0.7285
63.322,0.1502,0.9999,1.0000,0.7813
63.373,0.1259,0.9999,1.0000,0.8032
63.423,0.1451,0.9999,1.0000,0.8366
63.474,0.1536,0.9999,1.0000,0.8228
63.524,0.1363,0.9999,1.0000,0.8238
63.574,0.1260,0.9999,1.0000,0.8105
63.624,0.2627,0.9999,1.0000,0.7924
63.674,0.2563,0.9999,1.0000,0.7831
63.724,0.1523,0.9999,1.0000,0.8040
63.776,0.1634,0.9999,1.0000,0.8204
63.828,0.2692,0.9999,1.0000,0.8380
63.878,0.2171,0.9999,1.0000,0.8277
63.928,0.1937,0.9999,1.0000,0.8285
63.979,0.2980,0.9999,1.0000,0.8243
64.030,0.2756,0.9999,1.0000,0.8175
64.081,0.2570,0.9999,1.0000,0.8086
64.131,0.3265,0.9999,1.0000,0.7959
64.181,0.4180,1.0000,1.0000,0.8112
64.236,0.3294,1.0000,1.0000,0.8274
64.281,0.2529,1.0000,1.0000,0.8604
64.331,0.2373,1.0000,1.0000,0.8720
64.381,0.2686,1.0000,1.0000,0.8749
64.431,0.1756,1.0000,1.0000,0.8380
64.482,0.1348,1.0000,1.0000,0.8068
64.536,0.1390,1.0000,1.0000,0.7556
64.587,0.1397,1.0000,1.0000,0.7486
64.638,0.1312,1.0000,1.0000,0.7680
64.688,0.1217,1.0000,1.0000,0.8079
64.738,0.2169,1.0000,1.0000,0.8039
64.792,0.2737,1.0000,1.0000,0.7860
64.838,0.2403,1.0000,1.0000,0.8123
64.888,0.2276,1.0000,1.0000,0.7922
64.938,0.2359,1.0000,1.0000,0.7494
64.988,0.2038,1.0000,1.0000,0.7340
65.038,0.1800,1.0000,1.0000,0.7190
65.088,0.2478,1.0000,1.0000,0.7612
65.138,0.2863,1.0000,1.0000,0.7789
65.190,0.2516,1.0000,1.0000,0.7710
65.240,0.2255,1.0000,1.0000,0.7293
65.290,0.2787,1.0000,1.0000,0.7313
65.340,0.2848,1.0000,1.0000,0.7378
65.391,0.2613,1.0000,1.0000,0.7331
65.442,0.2485,1.0000,1.0000,0.7265
65.492,0.2783,1.0000,1.0000,0.7386
65.542,0.2184,1.0000,1.0000,0.7583
65.592,0.1727,1.0000,1.0000,0.7963
65.642,0.1825,1.0000,1.0000,0.7944
65.692,0.2200,1.0000,1.0000,0.7997
65.744,0.1689,1.0000,1.0000,0.7745
65.794,0.1458,1.0000,1.0000,0.7725
65.844,0.2115,1.0000,1.0000,0.7721
65.894,0.2527,1.0000,1.0000,0.7529
65.945,0.2459,1.0000,1.0000,0.7581
65.996,0.2413,1.0000,1.0000,0.7811
66.046,0.2826,1.0000,1.0000,0.8055
66.096,0.2299,1.0000,1.0000,0.7874
66.148,0.1586,1.0000,1.0000,0.7874
66.199,0.2190,1.0000,1.0000,0.7808
66.250,0.2429,1.0000,1.0000,0.7524
66.300,0.2142,1.0000,1.0000,0.7060
66.350,0.2051,0.9999,0.9968,0.6869
66.401,0.3403,0.9997,1.0000,0.7059
66.451,0.3154,0.9997,1.0000,0.7328
66.501,0.2937,0.9997,1.0000,0.7585
66.552,0.2944,0.9997,1.0000,0.8129
66.603,0.3263,0.9997,1.0000,0.7741
66.653,0.2937,0.9998,1.0000,0.7455
66.703,0.2281,0.9998,1.0000,0.7169
66.753,0.2148,0.9998,1.0000,0.7002
66.803,0.1892,0.9991,0.9836,0.6697
66.853,0.1753,0.9991,0.9981,0.6900
66.903,0.1641,0.9991,1.0000,0.7178
66.953,0.2190,0.9992,1.0000,0.7635
67.004,0.2382,0.9992,1.0000,0.7772
67.055,0.2390,0.9992,1.0000,0.7540
67.105,0.2329,0.9993,1.0000,0.7475
67.155,0.2723,0.9993,1.0000,0.7500
67.205,0.2092,0.9993,1.0000,0.7447
67.255,0.1690,0.9994,1.0000,0.7383
67.308,0.1907,0.9994,1.0000,0.7658
67.358,0.1908,0.9994,1.0000,0.7818
67.408,0.1488,0.9994,1.0000,0.8000
67.458,0.1103,0.9995,1.0000,0.8164
67.508,0.1416,0.9995,1.0000,0.8057
67.559,0.2161,0.9995,1.0000,0.8119
67.609,0.2199,0.9995,1.0000,0.7959
67.659,0.2136,0.9995,1.0000,0.7850
67.709,0.2414,0.9996,1.0000,0.7585
67.759,0.2089,0.9996,1.0000,0.7731
67.809,0.1834,0.9996,1.0000,0.7875
67.859,0.1952,0.9996,1.0000,0.8145
67.909,0.2248,0.9996,1.0000,0.8115
67.960,0.1880,0.9996,1.0000,0.7503
68.010,0.1672,0.9997,1.0000,0.7313
68.060,0.1706,0.9997,1.0000,0.7149
68.110,0.2162,0.9996,0.9962,0.6855
68.160,0.2090,0.9990,0.9819,0.6681
68.212,0.2422,0.9990,1.0000,0.7175
68.263,0.3190,0.9991,1.0000,0.7371
68.313,0.3139,0.9991,1.0000,0.7491
68.363,0.2732,0.9991,1.0000,0.7179
68.413,0.2541,0.9992,1.0000,0.7402
68.465,0.2707,0.9992,1.0000,0.7206
68.515,0.2485,0.9992,1.0000,0.7001
68.566,0.2350,0.9990,0.9920,0.6789
68.616,0.2864,0.9976,0.9779,0.6646
68.667,0.3213,0.9976,0.9977,0.6889
68.717,0.2731,0.9977,1.0000,0.7361
68.767,0.2637,0.9978,1.0000,0.7472
68.818,0.2758,0.9979,1.0000,0.7507
68.869,0.2682,0.9980,1.0000,0.7370
68.919,0.2459,0.9981,1.0000,0.7386
68.970,0.2522,0.9982,1.0000,0.7180
69.020,0.2966,0.9982,1.0000,0.7108
69.074,0.1935,0.9983,1.0000,0.7361
69.124,0.1765,0.9984,1.0000,0.7572
69.174,0.1676,0.9984,1.0000,0.7713
69.225,0.2706,0.9985,1.0000,0.7487
69.275,0.2593,0.9986,1.0000,0.7479
69.326,0.2576,0.9987,1.0000,0.7347
69.376,0.2837,0.9987,1.0000,0.7335
69.426,0.2744,0.9987,1.0000,0.7294
69.476,0.2329,0.9988,1.0000,0.7050
69.528,0.2209,0.9988,1.0000,0.7129
69.578,0.3026,0.9989,1.0000,0.7489
69.628,0.2824,0.9989,1.0000,0.7605
69.678,0.2654,0.9990,1.0000,0.7662
69.728,0.3031,0.9990,1.0000,0.7547
69.778,0.2940,0.9991,1.0000,0.7567
69.832,0.1936,0.9991,1.0000,0.7399
69.878,0.1218,0.9991,1.0000,0.6993
69.928,0.1307,0.9987,0.9835,0.6695
69.979,0.1729,0.9977,0.9945,0.6827
70.030,0.1677,0.9977,1.0000,0.7083
70.083,0.1643,0.9978,1.0000,0.7331
70.131,0.2714,0.9979,1.0000,0.7662
70.181,0.2722,0.9980,1.0000,0.7652
70.231,0.2456,0.9981,1.0000,0.7334
70.281,0.2532,0.9982,1.0000,0.7170
70.331,0.2746,0.9982,1.0000,0.7003
70.381,0.2171,0.9971,0.9700,0.6586
70.431,0.1956,0.9967,0.9836,0.6696
70.483,0.3072,0.9969,1.0000,0.7196
70.533,0.3182,0.9970,1.0000,0.7385
70.583,0.2957,0.9971,1.0000,0.7322
70.633,0.2506,0.9973,1.0000,0.7152
70.683,0.2690,0.9973,0.9995,0.6950
70.734,0.2467,0.9974,0.9991,0.6930
70.784,0.1775,0.9975,1.0000,0.6985
70.834,0.1681,0.9976,0.9991,0.6929
70.886,0.2031,0.9977,1.0000,0.7194
70.937,0.1899,0.9978,1.0000,0.7395
70.987,0.1810,0.9979,1.0000,0.7568
71.038,0.2439,0.9980,1.0000,0.7790
71.088,0.2624,0.9980,1.0000,0.7367
71.138,0.2682,0.9981,1.0000,0.7308
71.188,0.2643,0.9982,1.0000,0.7231
71.238,0.2946,0.9983,1.0000,0.7148
71.290,0.1846,0.9984,1.0000,0.7009
71.341,0.1476,0.9984,1.0000,0.7194
71.391,0.1260,0.9985,1.0000,0.7398
71.441,0.2742,0.9986,1.0000,0.7477
71.491,0.2800,0.9986,1.0000,0.7115
71.542,0.2775,0.9984,0.9925,0.6797
71.592,0.3133,0.9956,0.9391,0.6399
71.642,0.3033,0.9927,0.8996,0.6215
71.694,0.2004,0.9845,0.8273,0.5942
71.744,0.1837,0.9792,0.8088,0.5880
71.794,0.2213,0.9770,0.9047,0.6237
71.844,0.2664,0.9770,0.9918,0.6786
71.894,0.2532,0.9777,1.0000,0.7025
71.947,0.2699,0.9790,1.0000,0.7216
71.998,0.2901,0.9796,0.9979,0.6894
72.049,0.2339,0.9801,0.9947,0.6830
72.099,0.1897,0.9792,0.9529,0.6475
72.149,0.2093,0.9779,0.9348,0.6377
72.199,0.2396,0.9756,0.9005,0.6219
72.249,0.1974,0.9751,0.9875,0.6736
72.299,0.1901,0.9758,0.9999,0.6983
72.351,0.2484,0.9773,1.0000,0.7398
72.401,0.2444,0.9779,1.0000,0.7447
72.451,0.2316,0.9786,1.0000,0.7254
72.501,0.2625,0.9799,1.0000,0.7317
72.551,0.3004,0.9805,1.0000,0.7235
72.601,0.2548,0.9811,1.0000,0.7150
72.651,0.2229,0.9822,1.0000,0.7128
72.701,0.2399,0.9827,1.0000,0.7300
72.752,0.2408,0.9832,1.0000,0.7454
72.802,0.1460,0.9842,1.0000,0.7483
72.852,0.1059,0.9847,1.0000,0.7219
72.902,0.3082,0.9856,1.0000,0.7237
72.952,0.3229,0.9860,1.0000,0.7150
73.003,0.2932,0.9865,1.0000,0.7139
73.053,0.2678,0.9873,1.0000,0.6989
73.103,0.2846,0.9876,0.9996,0.6956
73.154,0.2673,0.9880,1.0000,0.7129
73.204,0.2302,0.9887,1.0000,0.7394
73.254,0.2250,0.9890,1.0000,0.7607
73.306,0.3110,0.9897,1.0000,0.7735
73.356,0.2962,0.9900,1.0000,0.7612
73.406,0.2867,0.9903,1.0000,0.7397
73.456,0.2899,0.9908,0.9988,0.6921
73.506,0.2579,0.9905,0.9797,0.6661
73.557,0.2248,0.9899,0.9716,0.6597
73.607,0.1967,0.9904,1.0000,0.7039
73.657,0.2442,0.9907,1.0000,0.7186
73.709,0.2663,0.9912,0.9994,0.6941
73.760,0.2590,0.9915,1.0000,0.7072
73.810,0.2463,0.9917,1.0000,0.7199
73.860,0.2689,0.9921,0.9954,0.6842
73.911,0.2484,0.9917,0.9814,0.6676
73.962,0.2328,0.9906,0.9549,0.6487
74.012,0.3438,0.9872,0.9504,0.6461
74.063,0.3299,0.9872,0.9880,0.6742
74.113,0.2763,0.9879,1.0000,0.7045
74.164,0.2641,0.9881,0.9950,0.6834
74.216,0.2787,0.9864,0.9305,0.6356
74.266,0.1812,0.9845,0.9610,0.6524
74.317,0.1400,0.9836,0.9542,0.6483
74.372,0.1176,0.9827,0.9525,0.6473
74.418,0.1753,0.9795,0.9137,0.6277
74.468,0.1795,0.9788,0.9534,0.6478
74.519,0.1698,0.9796,0.9998,0.6968
74.570,0.2207,0.9802,1.0000,0.7128
74.620,0.2275,0.9808,1.0000,0.7089
74.670,0.1867,0.9818,0.9977,0.6889
74.720,0.1799,0.9820,0.9869,0.6730
74.770,0.2286,0.9823,0.9918,0.6787
74.820,0.2312,0.9823,0.9799,0.6663
74.870,0.2108,0.9822,0.9782,0.6648
74.924,0.1974,0.9824,0.9903,0.6768
74.971,0.3018,0.9834,1.0000,0.7162
75.021,0.2774,0.9839,1.0000,0.7224
75.071,0.2246,0.9849,1.0000,0.7168
75.122,0.2506,0.9853,1.0000,0.7135
75.173,0.2514,0.9858,1.0000,0.7037
75.223,0.2120,0.9854,0.9681,0.6572
75.273,0.2050,0.9838,0.9320,0.6363
75.323,0.2129,0.9800,0.8570,0.6048
75.373,0.1540,0.9775,0.9587,0.6511
75.423,0.1135,0.9778,0.9869,0.6729
75.473,0.0908,0.9784,1.0000,0.7017
75.524,0.3306,0.9797,1.0000,0.7454
75.576,0.3323,0.9803,1.0000,0.7119
75.626,0.2859,0.9808,0.9831,0.6692
75.676,0.2905,0.9803,0.9629,0.6537
75.726,0.2898,0.9785,0.9200,0.6305
75.776,0.1855,0.9736,0.8950,0.6196
75.826,0.1650,0.9729,0.9488,0.6452
75.879,0.2175,0.9739,0.9988,0.6921
75.929,0.2142,0.9747,1.0000,0.7034
75.979,0.2058,0.9754,1.0000,0.7114
76.029,0.2401,0.9768,0.9970,0.6872
76.079,0.2999,0.9773,0.9947,0.6829
76.129,0.2812,0.9778,0.9934,0.6810
76.180,0.2145,0.9784,0.9872,0.6733
76.230,0.2088,0.9784,0.9780,0.6647
76.280,0.2447,0.9789,0.9943,0.6824
76.330,0.2311,0.9802,1.0000,0.7197
76.380,0.2284,0.9808,1.0000,0.7379
76.430,0.2480,0.9813,1.0000,0.7484
76.481,0.2842,0.9824,1.0000,0.7270
76.531,0.2622,0.9830,1.0000,0.7229
76.582,0.2671,0.9840,1.0000,0.7100
76.632,0.3101,0.9845,1.0000,0.7008
76.682,0.2722,0.9849,0.9995,0.6949
76.732,0.2161,0.9858,1.0000,0.7210
76.782,0.2325,0.9862,1.0000,0.7344
76.832,0.2558,0.9866,1.0000,0.7482
76.882,0.1946,0.9874,1.0000,0.7462
76.932,0.1750,0.9878,1.0000,0.7195
76.982,0.1809,0.9882,1.0000,0.7030
77.032,0.1852,0.9874,0.9608,0.6523
77.082,0.1790,0.9851,0.9124,0.6271
77.134,0.2276,0.9797,0.9222,0.6316
77.184,0.3195,0.9795,0.9725,0.6603
77.235,0.3124,0.9799,0.9914,0.6782
77.286,0.2350,0.9806,0.9883,0.6745
77.336,0.2231,0.9811,0.9953,0.6840
77.386,0.3201,0.9816,0.9996,0.6953
77.436,0.2695,0.9823,0.9870,0.6730
77.487,0.2558,0.9817,0.9616,0.6529
77.541,0.2540,0.9763,0.8658,0.6081
77.591,0.2256,0.9743,0.9126,0.6271
77.642,0.1621,0.9740,0.9628,0.6536
77.692,0.1325,0.9751,0.9985,0.6911
77.742,0.2218,0.9758,0.9997,0.6962
77.792,0.2499,0.9764,0.9958,0.6849
77.842,0.2553,0.9775,0.9956,0.6845
77.892,0.2618,0.9780,0.9935,0.6811
77.942,0.2847,0.9782,0.9852,0.6712
77.992,0.1699,0.9774,0.9594,0.6515
78.042,0.1359,0.9774,0.9750,0.6623
78.092,0.1167,0.9779,0.9949,0.6832
78.143,0.1718,0.9792,1.0000,0.7091
78.193,0.1535,0.9798,0.9976,0.6887
78.246,0.1379,0.9801,0.9921,0.6791
78.293,0.3119,0.9810,0.9918,0.6787
78.343,0.3391,0.9812,0.9856,0.6717
78.395,0.2892,0.9810,0.9738,0.6614
78.445,0.2898,0.9804,0.9628,0.6536
78.495,0.3508,0.9804,0.9773,0.6641
78.546,0.2809,0.9813,1.0000,0.6991
78.596,0.2673,0.9819,1.0000,0.7042
78.646,0.2799,0.9824,1.0000,0.7221
78.696,0.2727,0.9835,1.0000,0.7474
78.747,0.1990,0.9840,1.0000,0.7421
78.797,0.1766,0.9844,1.0000,0.7121
78.847,0.1825,0.9841,0.9649,0.6550
78.897,0.1647,0.9828,0.9390,0.6399
78.949,0.1484,0.9820,0.9573,0.6501
78.998,0.1339,0.9825,0.9968,0.6867
79.048,0.1680,0.9830,1.0000,0.7031
79.099,0.1712,0.9840,1.0000,0.7210
79.149,0.1630,0.9845,1.0000,0.7059
79.199,0.1655,0.9848,0.9964,0.6859
79.249,0.1898,0.9824,0.9236,0.6322
79.299,0.1542,0.9791,0.8726,0.6106
79.350,0.1123,0.9744,0.8226,0.5926
79.400,0.3220,0.9682,0.9012,0.6222
79.450,0.4433,0.9678,0.9537,0.6480
79.504,0.2974,0.9684,0.9783,0.6649
79.554,0.2920,0.9682,0.9602,0.6520
79.604,0.3110,0.9677,0.9517,0.6468
79.654,0.2265,0.9650,0.9160,0.6287
79.705,0.1954,0.9634,0.9122,0.6270
79.755,0.1867,0.9616,0.9045,0.6236
79.806,0.2570,0.9574,0.8848,0.6154
79.856,0.2329,0.9566,0.9325,0.6366
79.909,0.2014,0.9579,0.9907,0.6772
79.960,0.2369,0.9592,0.9999,0.6972
80.010,0.2718,0.9604,1.0000,0.7107
80.060,0.2333,0.9627,1.0000,0.7006
80.110,0.2224,0.9638,0.9998,0.6964
80.163,0.2248,0.9649,0.9990,0.6926
80.210,0.2105,0.9665,0.9894,0.6757
80.260,0.1910,0.9669,0.9786,0.6652
80.311,0.2098,0.9685,0.9992,0.6933
80.361,0.2248,0.9695,1.0000,0.7094
80.411,0.2127,0.9704,1.0000,0.7124
80.461,0.1927,0.9719,0.9926,0.6798
80.512,0.2254,0.9721,0.9784,0.6650
80.562,0.2476,0.9718,0.9606,0.6522
80.612,0.1976,0.9676,0.8810,0.6139
80.662,0.1894,0.9628,0.8071,0.5875
80.712,0.1923,0.9563,0.7465,0.5684
80.762,0.1574,0.9510,0.8982,0.6209
80.812,0.1307,0.9508,0.9460,0.6436
80.864,0.1429,0.9528,0.9917,0.6786
80.914,0.1918,0.9540,0.9946,0.6828
80.965,0.2016,0.9543,0.9616,0.6529
81.015,0.1805,0.9522,0.9037,0.6233
81.065,0.2088,0.9494,0.8575,0.6050
81.115,0.2907,0.9451,0.8080,0.5878
81.165,0.2614,0.9339,0.7726,0.5764
81.215,0.2464,0.9316,0.8568,0.6047
81.267,0.2641,0.9312,0.9179,0.6296
81.316,0.2361,0.9337,0.9838,0.6699
81.366,0.1895,0.9356,0.9965,0.6861
81.416,0.1697,0.9386,0.9873,0.6734
81.466,0.2790,0.9401,0.9883,0.6745
81.516,0.3001,0.9413,0.9804,0.6667
81.567,0.2599,0.9421,0.9441,0.6426
81.617,0.2807,0.9424,0.9497,0.6457
81.667,0.2655,0.9447,0.9906,0.6772
81.717,0.2110,0.9463,0.9987,0.6916
81.767,0.1831,0.9479,0.9995,0.6946
81.817,0.2191,0.9506,0.9962,0.6856
81.867,0.2154,0.9520,0.9983,0.6905
81.917,0.1579,0.9544,0.9888,0.6751
81.967,0.1508,0.9551,0.9779,0.6646
82.017,0.1993,0.9554,0.9650,0.6551
82.067,0.2260,0.9558,0.9694,0.6581
82.117,0.2090,0.9568,0.9890,0.6753
82.169,0.2533,0.9592,1.0000,0.7036
82.219,0.3233,0.9605,1.0000,0.7234
82.269,0.3008,0.9616,1.0000,0.7278
82.319,0.2624,0.9639,1.0000,0.7038
82.369,0.2595,0.9648,0.9937,0.6814
82.420,0.1956,0.9640,0.9334,0.6370
82.470,0.1740,0.9616,0.8831,0.6147
82.520,0.1616,0.9596,0.8971,0.6205
82.570,0.1899,0.9594,0.9727,0.6605
82.620,0.1825,0.9603,0.9878,0.6739
82.672,0.1331,0.9601,0.9410,0.6409
82.722,0.1454,0.9605,0.9729,0.6606
82.772,0.2502,0.9612,0.9833,0.6694
82.822,0.2997,0.9589,0.8907,0.6178
82.872,0.2861,0.9551,0.8321,0.5959
82.925,0.2762,0.9497,0.7742,0.5769
82.972,0.2588,0.9379,0.7868,0.5809
83.022,0.1871,0.9358,0.8681,0.6089
83.072,0.1527,0.9352,0.9332,0.6369
83.122,0.1686,0.9341,0.8958,0.6199
83.172,0.1720,0.9308,0.8254,0.5936
83.222,0.1490,0.9263,0.8504,0.6024
83.272,0.1447,0.9232,0.8238,0.5931
83.322,0.2588,0.9177,0.8329,0.5962
83.372,0.2682,0.9149,0.8261,0.5939
83.422,0.2571,0.9140,0.8847,0.6154
83.472,0.2752,0.9158,0.9618,0.6530
83.522,0.2776,0.9177,0.9814,0.6676
83.575,0.2525,0.9195,0.9764,0.6634
83.622,0.2379,0.9215,0.9526,0.6473
83.672,0.2936,0.9211,0.9078,0.6250
83.722,0.2916,0.9199,0.9003,0.6218
83.773,0.2627,0.9188,0.8835,0.6149
83.826,0.2409,0.9172,0.8661,0.6082
83.874,0.3685,0.9154,0.9121,0.6269
83.926,0.3261,0.9164,0.9485,0.6450
83.976,0.2929,0.9196,0.9687,0.6576
84.026,0.3001,0.9209,0.9631,0.6538
84.076,0.3207,0.9210,0.9219,0.6314
84.126,0.2089,0.9177,0.8371,0.5977
84.176,0.1780,0.9143,0.8031,0.5862
84.228,0.1625,0.9098,0.7643,0.5738
84.276,0.2124,0.8966,0.6687,0.5458
84.327,0.1892,0.8927,0.7683,0.5751
84.377,0.1722,0.8923,0.9170,0.6292
84.427,0.2157,0.8946,0.9686,0.6576
84.479,0.2447,0.8976,0.9937,0.6813
84.527,0.2286,0.9030,0.9814,0.6676
84.577,0.2231,0.9037,0.9255,0.6331
84.628,0.2059,0.9012,0.8399,0.5986
84.678,0.1744,0.8977,0.7836,0.5799
84.728,0.1535,0.8931,0.7436,0.5675
84.778,0.2261,0.8892,0.8652,0.6078
84.829,0.2630,0.8901,0.9187,0.6299
84.879,0.2464,0.8944,0.9715,0.6596
84.929,0.2301,0.8969,0.9777,0.6644
84.979,0.2737,0.8989,0.9611,0.6525
85.029,0.2514,0.8998,0.9106,0.6263
85.079,0.2026,0.9000,0.9066,0.6245
85.131,0.2014,0.9006,0.9077,0.6250
85.181,0.2349,0.9007,0.9028,0.6229
85.231,0.2186,0.9016,0.9313,0.6360
85.282,0.1559,0.9058,0.9793,0.6658
85.333,0.1557,0.9085,0.9960,0.6852
85.384,0.1584,0.9138,0.9943,0.6823
85.434,0.1476,0.9161,0.9908,0.6774
85.484,0.1404,0.9184,0.9935,0.6810
85.534,0.2544,0.9220,0.9751,0.6623
85.584,0.2574,0.9227,0.9441,0.6426
85.634,0.2145,0.9225,0.9163,0.6288
85.685,0.1967,0.9244,0.9686,0.6575
85.735,0.2732,0.9261,0.9820,0.6682
85.786,0.3033,0.9302,0.9958,0.6848
85.837,0.2827,0.9316,0.9751,0.6624
85.887,0.2742,0.9305,0.8956,0.6198
85.937,0.2618,0.9236,0.7924,0.5827
85.987,0.2339,0.9174,0.7167,0.5595
86.038,0.2157,0.9096,0.6585,0.5429
86.088,0.2103,0.8915,0.6378,0.5372
86.140,0.2037,0.8875,0.7568,0.5715
86.190,0.1886,0.8860,0.8368,0.5975
86.240,0.1820,0.8847,0.8549,0.6040
86.290,0.2116,0.8841,0.8643,0.6075
86.340,0.2190,0.8844,0.8930,0.6188
86.390,0.2089,0.8838,0.8544,0.6038
86.441,0.2269,0.8813,0.8015,0.5856
86.494,0.2647,0.8768,0.7297,0.5634
86.541,0.2335,0.8655,0.7085,0.5572
86.592,0.1975,0.8636,0.8029,0.5861
86.643,0.3258,0.8657,0.9211,0.6311
86.694,0.3325,0.8680,0.9423,0.6416
86.744,0.3090,0.8696,0.9208,0.6309
86.794,0.2791,0.8725,0.9287,0.6347
86.845,0.2942,0.8738,0.9146,0.6281
86.895,0.2675,0.8744,0.8948,0.6195
86.945,0.2059,0.8744,0.8644,0.6075
86.997,0.2153,0.8751,0.8996,0.6215
87.049,0.3174,0.8795,0.9661,0.6558
87.099,0.2948,0.8824,0.9758,0.6629
87.149,0.2752,0.8846,0.9557,0.6492
87.199,0.3570,0.8884,0.9649,0.6550
87.249,0.3341,0.8903,0.9486,0.6451
87.299,0.3128,0.8909,0.9122,0.6270
87.350,0.2893,0.8909,0.8762,0.6120
87.400,0.2997,0.8894,0.8437,0.6000
87.450,0.2580,0.8886,0.8612,0.6064
87.500,0.1877,0.8907,0.9429,0.6419
87.550,0.1790,0.8929,0.9627,0.6536
87.600,0.2017,0.8956,0.9814,0.6676
87.650,0.1634,0.9017,1.0000,0.7066
87.701,0.1425,0.9046,0.9997,0.6959
87.751,0.1688,0.9072,0.9902,0.6767
87.801,0.2306,0.9093,0.9195,0.6303
87.851,0.2042,0.9075,0.8496,0.6021
87.904,0.1817,0.9061,0.8602,0.6060
87.951,0.2114,0.9070,0.9427,0.6418
88.002,0.2175,0.9091,0.9748,0.6621
88.053,0.1937,0.9136,0.9868,0.6728
88.103,0.2116,0.9156,0.9811,0.6673
88.153,0.2716,0.9167,0.9522,0.6471
88.203,0.2473,0.9146,0.8584,0.6053
88.253,0.2242,0.9117,0.8180,0.5911
88.303,0.2152,0.9068,0.7455,0.5681
88.353,0.2221,0.8992,0.8154,0.5902
88.403,0.1920,0.8987,0.8823,0.6144
88.453,0.1837,0.8994,0.9225,0.6317
88.503,0.2136,0.8985,0.8651,0.6078
88.554,0.2112,0.8972,0.8578,0.6051
88.605,0.1892,0.8924,0.8070,0.5874
88.655,0.1809,0.8890,0.7786,0.5783
88.706,0.2643,0.8856,0.7736,0.5767
88.756,0.2915,0.8808,0.8073,0.5875
88.806,0.2805,0.8802,0.8609,0.6062
88.858,0.3136,0.8830,0.9455,0.6434
88.908,0.3075,0.8857,0.9734,0.6611
88.958,0.2801,0.8888,0.9896,0.6759
89.008,0.2494,0.8915,0.9224,0.6316
89.059,0.2858,0.8924,0.9212,0.6311
89.111,0.3448,0.8932,0.9196,0.6303
89.161,0.2604,0.8935,0.8889,0.6171
89.212,0.2484,0.8929,0.8736,0.6110
89.263,0.3095,0.8946,0.9420,0.6414
89.313,0.2688,0.8965,0.9579,0.6505
89.363,0.2476,0.8985,0.9644,0.6547
89.413,0.2505,0.8958,0.7986,0.5847
89.464,0.2575,0.8911,0.7393,0.5662
89.518,0.1342,0.8779,0.6503,0.5406
89.568,0.1101,0.8699,0.6102,0.5296
89.618,0.1395,0.8595,0.5242,0.5065
89.668,0.1820,0.8389,0.5606,0.5162
89.718,0.1786,0.8342,0.6819,0.5495
89.768,0.1773,0.8321,0.7627,0.5733
89.818,0.1908,0.8342,0.8898,0.6174
89.868,0.1634,0.8365,0.9118,0.6268
89.919,0.1361,0.8360,0.8051,0.5868
89.970,0.1843,0.8348,0.7973,0.5843
90.020,0.2685,0.8324,0.7534,0.5705
90.070,0.2525,0.8222,0.6293,0.5348
90.121,0.2342,0.8164,0.6316,0.5355
90.171,0.3229,0.8131,0.8006,0.5853
90.222,0.3084,0.8149,0.8721,0.6104
90.272,0.2668,0.8181,0.9205,0.6308
90.322,0.2082,0.8257,0.9441,0.6426
90.372,0.2607,0.8285,0.9192,0.6302
90.423,0.2616,0.8340,0.9236,0.6322
90.473,0.2214,0.8365,0.9195,0.6303
90.525,0.2060,0.8386,0.9040,0.6234
90.575,0.2573,0.8419,0.9110,0.6264
90.625,0.2290,0.8448,0.9389,0.6398
90.675,0.2022,0.8523,0.9761,0.6631
90.726,0.2162,0.8559,0.9721,0.6601
90.776,0.2523,0.8586,0.9467,0.6440
90.826,0.2433,0.8644,0.9562,0.6495
90.876,0.2345,0.8666,0.9361,0.6384
90.927,0.3146,0.8687,0.8922,0.6184
90.977,0.2757,0.8684,0.8601,0.6059
91.027,0.2507,0.8686,0.8750,0.6116
91.077,0.2437,0.8724,0.9510,0.6465
91.127,0.2694,0.8753,0.9666,0.6562
91.178,0.2388,0.8821,0.9936,0.6813
91.229,0.2288,0.8855,0.9946,0.6828
91.280,0.2361,0.8888,0.9948,0.6830
91.330,0.2461,0.8926,0.9382,0.6394
91.380,0.1990,0.8917,0.8639,0.6074
91.430,0.1527,0.8834,0.7018,0.5552
91.480,0.2969,0.8753,0.6120,0.5301
91.531,0.2940,0.8605,0.3813,0.4681
91.582,0.2584,0.8158,0.0346,0.3447
91.632,0.2481,0.7913,0.0000,0.2890
91.682,0.2310,0.7445,0.0000,0.1752
91.732,0.1830,0.7222,0.0000,0.1497
91.782,0.1264,0.7005,0.0000,0.1240
91.832,0.1195,0.6591,0.0000,0.0729
91.883,0.1307,0.6394,0.0000,0.0460
91.934,0.1265,0.6016,0.0000,0.1083
91.984,0.1229,0.5835,0.0000,0.0796
92.034,0.1349,0.5660,0.0000,0.0676
92.084,0.1508,0.5326,0.0000,0.0420
92.134,0.1399,0.5166,0.0000,0.0250
92.184,0.1339,0.5011,0.0000,0.0039
92.234,0.1678,0.4715,0.0000,0.0000
92.283,0.1634,0.4573,0.0000,0.0000
92.334,0.1507,0.4303,0.0000,0.0000
92.384,0.1497,0.4174,0.0000,0.0000
92.435,0.2076,0.4049,0.0000,0.0000
92.485,0.2067,0.3810,0.0000,0.0337
92.536,0.1935,0.3695,0.0000,0.0334
92.586,0.2196,0.3477,0.0000,0.0316
92.636,0.2301,0.3373,0.0000,0.0216
92.687,0.2156,0.3271,0.0000,0.0111
92.737,0.1881,0.3078,0.0000,0.0000
92.787,0.2048,0.2986,0.0000,0.0003
92.838,0.1740,0.2809,0.0000,0.0596
92.888,0.1613,0.2725,0.0000,0.0000
92.938,0.1604,0.2643,0.0000,0.0000
92.988,0.1718,0.2487,0.0000,0.0000
93.038,0.1448,0.2412,0.0000,0.0000
93.088,0.1161,0.2270,0.0000,0.0000
93.139,0.1549,0.2202,0.0000,0.0000
93.189,0.1855,0.2136,0.0000,0.0000
93.239,0.1692,0.2009,0.0000,0.0000
93.289,0.1661,0.1949,0.0000,0.0000
93.339,0.1995,0.1891,0.0000,0.0000
93.389,0.2503,0.1779,0.0000,0.0000
93.439,0.2170,0.1726,0.0000,0.0000
93.491,0.2173,0.1624,0.0000,0.0000
93.541,0.2659,0.1575,0.0000,0.0000
93.591,0.2414,0.1528,0.0000,0.0000
93.641,0.1650,0.1437,0.0000,0.0000
93.692,0.1971,0.1394,0.0000,0.0009
93.742,0.3033,0.1312,0.0000,0.0174
93.792,0.2835,0.1272,0.0000,0.0000
93.842,0.2455,0.1234,0.0000,0.0000
93.892,0.2354,0.1161,0.0000,0.0000
93.942,0.1958,0.1127,0.0000,0.0000
93.992,0.1451,0.1093,0.0000,0.0000
94.042,0.1171,0.1028,0.0000,0.0000
94.092,0.1986,0.0997,0.0000,0.0000
94.142,0.1931,0.0938,0.0000,0.0047
94.192,0.1865,0.0910,0.0000,0.0229
94.242,0.1816,0.0883,0.0000,0.0212
94.293,0.2089,0.0831,0.0000,0.0144
94.343,0.1844,0.0806,0.0000,0.0000
94.393,0.1353,0.0758,0.0000,0.0000
94.443,0.1345,0.0735,0.0000,0.0000
94.494,0.1258,0.0713,0.0000,0.0000
94.544,0.0775,0.0671,0.0000,0.0000
94.594,0.0600,0.0651,0.0000,0.0000
94.644,0.1957,0.0632,0.0000,0.0000
94.695,0.2557,0.0594,0.0000,0.0000
94.745,0.2446,0.0576,0.0000,0.0000
94.796,0.2519,0.0542,0.0000,0.0000
94.846,0.2902,0.0526,0.0000,0.0000
94.896,0.2265,0.0510,0.0000,0.0000
94.946,0.1523,0.0480,0.0000,0.0000
94.996,0.1586,0.0466,0.0000,0.0000
95.047,0.1673,0.0452,0.0000,0.0000
95.097,0.1345,0.0425,0.0000,0.0000
95.147,0.1298,0.0412,0.0000,0.0000
95.197,0.1714,0.0400,0.0000,0.0000
95.247,0.2399,0.0376,0.0000,0.0000
95.298,0.2226,0.0365,0.0000,0.0000
95.349,0.2356,0.0343,0.0000,0.0000
95.399,0.2631,0.0333,0.0000,0.0000
95.449,0.2426,0.0323,0.0000,0.0157
95.501,0.2110,0.0304,0.0000,0.0208
95.551,0.2259,0.0295,0.0000,0.0180
95.601,0.2451,0.0286,0.0000,0.0225
95.651,0.1966,0.0269,0.0000,0.0371
95.701,0.1848,0.0261,0.0000,0.0426
95.751,0.1978,0.0253,0.0000,0.0525
95.801,0.2770,0.0238,0.0000,0.0691
95.851,0.2680,0.0231,0.0000,0.0824
95.901,0.2501,0.0224,0.0000,0.0969
95.951,0.2908,0.0211,0.0000,0.1700
96.001,0.2523,0.0205,0.0000,0.1572
96.055,0.2333,0.0198,0.0000,0.1457
96.103,0.2123,0.0187,0.0000,0.1334
96.153,0.2596,0.0181,0.0000,0.1136
96.204,0.2425,0.0170,0.0000,0.0925
96.254,0.2337,0.0165,0.0000,0.0902
96.304,0.2556,0.0160,0.0000,0.0920
96.355,0.2724,0.0151,0.0000,0.0836
96.406,0.2450,0.0146,0.0000,0.0706
96.456,0.2414,0.0142,0.0000,0.0663
96.506,0.2616,0.0134,0.0000,0.0593
96.557,0.2418,0.0130,0.0000,0.0552
96.610,0.2068,0.0122,0.0000,0.0537
96.661,0.2502,0.0118,0.0000,0.0524
96.711,0.3796,0.0115,0.0000,0.0349
96.761,0.2775,0.0108,0.0000,0.0308
96.812,0.2475,0.0105,0.0000,0.0062
96.862,0.3297,0.0102,0.0000,0.0764
96.912,0.3438,0.0096,0.0000,0.0977
96.962,0.2975,0.0093,0.0000,0.1489
97.012,0.2725,0.0090,0.0000,0.1645
97.062,0.3556,0.0085,0.0000,0.1749
97.112,0.2993,0.0082,0.0000,0.1623
97.162,0.2588,0.0080,0.0000,0.1279
97.213,0.2447,0.0075,0.0000,0.1477
97.263,0.2684,0.0073,0.0000,0.1673
97.313,0.2563,0.0070,0.0000,0.1799
97.363,0.2220,0.0066,0.0000,0.1865
97.414,0.2135,0.0064,0.0000,0.1741
97.467,0.2192,0.0061,0.0000,0.1195
97.517,0.2007,0.0059,0.0000,0.0852
97.567,0.1871,0.0057,0.0000,0.0696
97.618,0.2242,0.0054,0.0000,0.0390
97.668,0.2110,0.0052,0.0000,0.0284
97.718,0.1962,0.0050,0.0000,0.0284
97.768,0.2439,0.0047,0.0000,0.1386
97.819,0.3923,0.0046,0.0000,0.1713
97.869,0.3012,0.0045,0.0000,0.1702
97.919,0.2675,0.0042,0.0000,0.1311
97.969,0.2855,0.0041,0.0000,0.1099
98.021,0.2298,0.0038,0.0000,0.0740
98.071,0.1953,0.0037,0.0000,0.0601
98.121,0.1629,0.0036,0.0000,0.0449
98.171,0.1769,0.0034,0.0000,0.0870
98.221,0.1613,0.0033,0.0000,0.1431
98.271,0.1520,0.0032,0.0000,0.1793
98.321,0.1437,0.0030,0.0000,0.1794
98.372,0.1852,0.0029,0.0000,0.1641
98.425,0.1939,0.0027,0.0000,0.1212
98.475,0.1958,0.0027,0.0000,0.1035
98.526,0.2106,0.0026,0.0000,0.0917
98.576,0.2522,0.0024,0.0000,0.0600
98.626,0.2319,0.0024,0.0000,0.1214
98.679,0.2018,0.0023,0.0000,0.2491
98.727,0.3842,0.0104,0.2281,0.4238
98.777,0.3267,0.0242,0.4721,0.4926
98.827,0.2561,0.0640,0.7005,0.5549
98.877,0.2358,0.0807,0.6193,0.5321
98.927,0.2677,0.0968,0.6163,0.5313
98.978,0.2508,0.1283,0.6198,0.5322
99.028,0.2275,0.1412,0.5594,0.5159
99.078,0.2142,0.1534,0.5477,0.5127
99.128,0.3103,0.1890,0.8249,0.5934
99.178,0.2812,0.2102,0.8974,0.6206
99.228,0.2556,0.2324,0.9513,0.6466
99.278,0.2254,0.2770,0.9888,0.6750
99.328,0.2009,0.2979,0.9748,0.6621
99.378,0.1672,0.3182,0.9738,0.6613
99.429,0.1414,0.3562,0.9562,0.6495
99.479,0.1860,0.3739,0.9462,0.6437
99.533,0.2048,0.3913,0.9513,0.6466
99.579,0.1675,0.4267,0.9978,0.6891
99.629,0.1604,0.4439,1.0000,0.7050
99.682,0.2412,0.4767,1.0000,0.7328
99.732,0.2293,0.4924,1.0000,0.7104
99.782,0.2207,0.5077,1.0000,0.7162
99.833,0.2556,0.5368,1.0000,0.7034
99.883,0.2438,0.5506,0.9989,0.6922
99.933,0.2141,0.5639,0.9948,0.6830
99.983,0.1812,0.5891,0.9936,0.6812
100.033,0.2578,0.6014,0.9993,0.6939
100.083,0.2929,0.6134,1.0000,0.7088
100.134,0.2438,0.6362,1.0000,0.7279
100.186,0.2335,0.6472,1.0000,0.7083
100.236,0.2472,0.6667,0.9670,0.6565
100.286,0.2201,0.6745,0.9267,0.6337
100.336,0.1961,0.6809,0.8901,0.6176
100.386,0.1739,0.6872,0.7534,0.5705
100.436,0.1656,0.6921,0.8480,0.6015
100.486,0.1515,0.6988,0.9169,0.6291
100.537,0.1520,0.7144,0.9622,0.6533
100.587,0.1882,0.7203,0.9132,0.6274
100.639,0.1967,0.7275,0.9586,0.6510
100.687,0.1552,0.7415,0.9627,0.6536
100.738,0.1515,0.7475,0.9407,0.6407
100.788,0.2507,0.7546,0.8403,0.5988
100.839,0.2295,0.7554,0.7818,0.5793
100.889,0.2119,0.7577,0.8334,0.5964
100.939,0.2880,0.7684,0.9598,0.6517
100.989,0.3409,0.7748,0.9817,0.6679
101.039,0.3080,0.7810,0.9837,0.6698
101.090,0.2757,0.7918,0.9696,0.6583
101.140,0.3184,0.7972,0.9742,0.6616
101.190,0.2892,0.8023,0.9666,0.6562
101.241,0.2350,0.8115,0.9518,0.6469
101.292,0.2184,0.8148,0.9216,0.6313
101.342,0.3112,0.8241,0.9833,0.6694
101.392,0.3003,0.8292,0.9964,0.6860
101.442,0.2822,0.8343,0.9990,0.6928
101.493,0.2835,0.8424,0.9583,0.6508
101.544,0.2897,0.8463,0.9712,0.6594
101.597,0.2209,0.8496,0.9559,0.6493
101.644,0.1267,0.8549,0.9302,0.6354
101.694,0.1288,0.8569,0.9219,0.6314
101.744,0.1643,0.8604,0.9307,0.6356
101.794,0.1668,0.8634,0.9605,0.6522
101.845,0.1664,0.8671,0.9856,0.6716
101.895,0.3076,0.8748,0.9984,0.6906
101.946,0.3043,0.8785,1.0000,0.7154
101.998,0.2741,0.8857,1.0000,0.7301
102.048,0.2796,0.8891,1.0000,0.7146
102.098,0.2787,0.8924,0.9979,0.6892
102.148,0.2190,0.8960,0.9281,0.6344
102.198,0.2054,0.8961,0.8989,0.6212
102.248,0.1982,0.8975,0.9453,0.6432
102.298,0.2529,0.9028,0.9968,0.6868
102.348,0.2286,0.9058,1.0000,0.7037
102.403,0.2065,0.9086,1.0000,0.7181
102.450,0.2567,0.9140,0.9993,0.6938
102.500,0.2533,0.9159,0.9793,0.6658
102.551,0.2153,0.9170,0.9192,0.6302
102.602,0.2153,0.9152,0.8564,0.6046
102.652,0.2207,0.9131,0.8441,0.6001
102.702,0.1562,0.9140,0.9541,0.6482
102.752,0.1373,0.9161,0.9817,0.6679
102.803,0.1460,0.9181,0.9841,0.6701
102.853,0.2123,0.9209,0.9587,0.6510
102.904,0.2061,0.9216,0.9424,0.6417
102.957,0.1990,0.9217,0.9245,0.6327
103.004,0.2800,0.9213,0.9061,0.6243
103.054,0.2792,0.9206,0.8957,0.6199
103.104,0.2460,0.9198,0.9319,0.6363
103.155,0.2443,0.9212,0.9677,0.6569
103.205,0.3063,0.9232,0.9883,0.6744
103.255,0.2556,0.9278,1.0000,0.7156
103.305,0.2357,0.9299,0.9998,0.6965
103.356,0.2409,0.9318,0.9927,0.6800
103.406,0.3030,0.9353,0.9879,0.6740
103.456,0.2808,0.9364,0.9731,0.6608
103.510,0.2523,0.9372,0.9411,0.6410
103.561,0.2549,0.9377,0.9537,0.6480
103.611,0.2403,0.9388,0.9738,0.6614
103.661,0.1945,0.9420,0.9984,0.6906
103.712,0.1903,0.9435,0.9921,0.6792
103.763,0.2025,0.9432,0.9320,0.6363
103.814,0.1620,0.9359,0.7879,0.5812
103.864,0.1448,0.9297,0.7316,0.5639
103.915,0.1843,0.9134,0.6384,0.5374
103.965,0.2101,0.9026,0.5524,0.5140
104.015,0.1999,0.8943,0.6273,0.5343
104.066,0.1753,0.8881,0.8413,0.5991
104.116,0.2614,0.8889,0.9117,0.6268
104.168,0.2948,0.8905,0.9443,0.6427
104.216,0.2613,0.8935,0.9460,0.6436
104.266,0.2561,0.8943,0.9201,0.6306
104.316,0.3037,0.8928,0.8498,0.6022
104.366,0.2740,0.8899,0.7953,0.5836
104.417,0.2459,0.8851,0.7330,0.5643
104.468,0.3154,0.8805,0.8531,0.6034
104.518,0.3162,0.8816,0.9160,0.6287
104.568,0.2827,0.8839,0.9597,0.6516
104.618,0.2508,0.8902,0.9960,0.6852
104.668,0.2663,0.8931,0.9878,0.6739
104.721,0.2191,0.8987,0.9886,0.6748
104.771,0.1996,0.9012,0.9795,0.6660
104.821,0.1899,0.9031,0.9665,0.6561
104.872,0.2554,0.9057,0.9482,0.6449
104.922,0.2408,0.9078,0.9752,0.6624
104.972,0.2207,0.9104,0.9940,0.6818
105.022,0.2290,0.9157,1.0000,0.7081
105.072,0.2366,0.9182,0.9999,0.6974
105.122,0.2112,0.9206,1.0000,0.7158
105.172,0.1869,0.9251,0.9918,0.6788
105.223,0.2142,0.9266,0.9744,0.6618
105.273,0.2239,0.9269,0.9377,0.6392
105.323,0.2161,0.9243,0.8747,0.6114
105.374,0.2131,0.9240,0.9140,0.6278
105.428,0.2595,0.9250,0.9573,0.6502
105.475,0.2959,0.9284,0.9840,0.6701
105.525,0.2490,0.9286,0.9358,0.6382
105.576,0.2480,0.9277,0.8731,0.6108
105.627,0.2813,0.9242,0.8119,0.5891
105.677,0.2588,0.9190,0.7495,0.5693
105.727,0.2128,0.9044,0.6303,0.5351
105.778,0.2192,0.8955,0.6064,0.5286
105.829,0.2136,0.8904,0.7278,0.5628
105.879,0.1216,0.8889,0.8964,0.6202
105.929,0.1042,0.8906,0.9445,0.6428
105.979,0.1554,0.8927,0.9597,0.6516
106.028,0.2884,0.8922,0.8688,0.6092
106.079,0.2822,0.8906,0.8379,0.5979
106.134,0.2741,0.8881,0.8067,0.5873
106.180,0.3005,0.8786,0.6990,0.5544
106.230,0.2586,0.8724,0.6727,0.5469
106.282,0.1974,0.8687,0.8526,0.6032
106.332,0.2314,0.8702,0.9180,0.6296
106.382,0.2807,0.8729,0.9604,0.6521
106.432,0.2647,0.8793,0.9825,0.6686
106.482,0.2469,0.8819,0.9665,0.6561
106.532,0.2739,0.8845,0.9691,0.6579
106.583,0.2742,0.8888,0.9532,0.6477
106.633,0.2542,0.8903,0.9358,0.6382
106.685,0.2795,0.8926,0.9470,0.6442
106.735,0.2970,0.8950,0.9726,0.6604
106.785,0.2592,0.8978,0.9894,0.6757
106.837,0.1970,0.9032,0.9853,0.6713
106.887,0.2102,0.9056,0.9831,0.6692
106.937,0.1920,0.9082,0.9910,0.6776
106.988,0.1107,0.9123,0.9727,0.6605
107.038,0.0935,0.9139,0.9630,0.6538
107.088,0.1742,0.9148,0.9447,0.6429
107.138,0.2235,0.9158,0.9420,0.6415
107.189,0.2016,0.9173,0.9643,0.6546
107.239,0.1969,0.9191,0.9798,0.6662
107.289,0.2859,0.9238,1.0000,0.7081
107.340,0.2502,0.9261,1.0000,0.7141
107.392,0.2285,0.9283,1.0000,0.7027
107.440,0.2635,0.9316,0.9730,0.6608
107.490,0.2855,0.9319,0.9413,0.6411
107.541,0.2418,0.9267,0.8134,0.5896
107.591,0.2276,0.9241,0.8416,0.5993
107.641,0.2651,0.9237,0.9101,0.6261
107.691,0.2612,0.9252,0.9580,0.6506
107.742,0.2067,0.9252,0.9252,0.6330
107.795,0.2241,0.9256,0.9503,0.6460
107.845,0.2957,0.9263,0.9491,0.6453
107.896,0.2770,0.9257,0.9058,0.6242
107.946,0.2354,0.9196,0.7945,0.5834
107.996,0.2329,0.9137,0.7229,0.5614
108.049,0.2187,0.9091,0.7604,0.5726
108.097,0.1378,0.9070,0.9043,0.6235
108.147,0.1190,0.9079,0.9384,0.6396
108.200,0.1729,0.9055,0.8248,0.5934
108.250,0.1912,0.9025,0.8058,0.5870
108.301,0.1923,0.9005,0.8347,0.5968
108.352,0.1906,0.8958,0.8225,0.5926
108.402,0.2128,0.8935,0.8192,0.5915
108.452,0.2003,0.8908,0.8035,0.5863
108.502,0.1699,0.8890,0.8870,0.6163
108.552,0.1948,0.8905,0.9370,0.6388
108.605,0.2350,0.8928,0.9670,0.6564
108.652,0.2495,0.8965,0.9475,0.6445
108.702,0.2442,0.8978,0.9412,0.6410
108.755,0.3308,0.8966,0.8710,0.6100
108.805,0.3401,0.8958,0.8677,0.6088
108.855,0.2946,0.8944,0.8500,0.6022
108.905,0.3388,0.8912,0.8386,0.5982
108.956,0.3643,0.8909,0.8825,0.6145
109.006,0.3127,0.8921,0.9298,0.6352
109.056,0.2718,0.8956,0.9465,0.6439
109.106,0.2622,0.8971,0.9454,0.6433
109.160,0.2957,0.8988,0.9560,0.6493
109.207,0.2397,0.9017,0.9418,0.6413
109.257,0.2157,0.9019,0.9097,0.6259
109.307,0.2242,0.8982,0.8145,0.5899
109.357,0.2018,0.8951,0.7923,0.5826
109.407,0.1661,0.8938,0.8534,0.6035
109.457,0.1477,0.8963,0.9547,0.6486
109.508,0.1851,0.8991,0.9872,0.6732
109.563,0.2008,0.9021,0.9989,0.6925
109.609,0.1850,0.9059,0.9504,0.6461
109.659,0.1813,0.9061,0.9110,0.6264
109.713,0.2248,0.9034,0.8387,0.5982
109.763,0.1950,0.9001,0.7934,0.5830
109.814,0.1834,0.8967,0.7859,0.5806
109.864,0.2869,0.8951,0.9010,0.6221
109.914,0.3022,0.8964,0.9377,0.6392
109.964,0.2776,0.8986,0.9699,0.6585
110.014,0.2437,0.9035,0.9840,0.6701
110.064,0.3205,0.9056,0.9756,0.6627
110.114,0.2925,0.9088,0.9575,0.6503
110.164,0.2728,0.9101,0.9501,0.6459
110.214,0.2554,0.9113,0.9504,0.6461
110.264,0.2999,0.9128,0.9383,0.6395
110.315,0.2492,0.9144,0.9654,0.6553
110.365,0.1859,0.9190,0.9971,0.6874
110.415,0.1959,0.9213,0.9958,0.6849
110.466,0.2135,0.9226,0.9663,0.6560
110.516,0.1976,0.9233,0.9087,0.6254
110.566,0.1941,0.9220,0.8817,0.6142
110.616,0.2350,0.9194,0.8329,0.5962
110.666,0.2357,0.9101,0.7436,0.5675
110.716,0.2158,0.9058,0.7662,0.5744
110.766,0.1987,0.9036,0.8338,0.5965
110.816,0.2627,0.9043,0.9320,0.6363
110.867,0.2429,0.9058,0.9522,0.6471
110.917,0.1892,0.9093,0.9586,0.6510
110.967,0.2325,0.9105,0.9478,0.6446
111.017,0.2966,0.9110,0.9285,0.6346
111.067,0.2614,0.9109,0.8986,0.6211
111.117,0.2532,0.9097,0.8712,0.6101
111.167,0.2865,0.9084,0.8657,0.6080
111.217,0.2736,0.9099,0.9523,0.6472
111.267,0.2464,0.9119,0.9749,0.6622
111.317,0.2352,0.9138,0.9750,0.6623
111.368,0.2990,0.9184,0.9932,0.6806
111.418,0.2937,0.9206,0.9893,0.6756
111.468,0.2787,0.9219,0.9644,0.6547
111.519,0.2737,0.9211,0.8955,0.6198
111.569,0.2762,0.9199,0.8806,0.6138
111.619,0.2499,0.9186,0.8769,0.6123
111.669,0.1970,0.9198,0.9544,0.6484
111.719,0.2259,0.9214,0.9745,0.6619
111.769,0.2918,0.9228,0.9675,0.6568
111.819,0.2382,0.9258,0.9693,0.6580
111.869,0.2171,0.9256,0.9211,0.6310
111.925,0.2144,0.9254,0.9196,0.6304
111.970,0.2336,0.9232,0.8774,0.6125
112.020,0.1953,0.9204,0.8283,0.5946
112.075,0.1797,0.9184,0.8555,0.6043
112.121,0.2331,0.9186,0.9405,0.6406
112.171,0.2252,0.9203,0.9754,0.6626
112.222,0.2080,0.9235,0.9794,0.6659
112.273,0.2566,0.9252,0.9797,0.6661
112.323,0.2787,0.9260,0.9510,0.6464
112.373,0.2308,0.9235,0.8574,0.6049
112.423,0.2224,0.9196,0.7936,0.5831
112.474,0.2510,0.9135,0.7170,0.5596
112.524,0.2333,0.8876,0.3474,0.4587
112.575,0.2159,0.8649,0.1333,0.3916
112.625,0.2038,0.8395,0.0188,0.3326
112.675,0.2442,0.7899,0.0000,0.3015
112.726,0.2370,0.7663,0.0026,0.3119
112.778,0.1976,0.7218,0.0154,0.3293
112.828,0.2238,0.7008,0.0220,0.3353
112.878,0.2609,0.6804,0.0232,0.3363
112.929,0.2463,0.6417,0.0260,0.3385
112.979,0.2361,0.6270,0.1535,0.3990
113.029,0.2587,0.6186,0.3459,0.4583
113.079,0.2941,0.6165,0.6613,0.5437
113.129,0.2774,0.6222,0.8036,0.5863
113.179,0.2629,0.6263,0.7606,0.5727
113.229,0.3413,0.6278,0.6268,0.5341
113.280,0.3050,0.6270,0.5992,0.5266
113.334,0.2519,0.6244,0.5402,0.5107
113.380,0.2263,0.6158,0.4717,0.4924
113.430,0.2218,0.6147,0.5817,0.5219
113.483,0.1537,0.6222,0.7804,0.5788
113.533,0.1293,0.6292,0.8551,0.6041
113.583,0.1661,0.6368,0.8804,0.6137
113.634,0.2644,0.6516,0.8731,0.6108
113.684,0.2684,0.6573,0.8394,0.5985
113.734,0.2648,0.6626,0.8348,0.5969
113.785,0.2912,0.6713,0.7972,0.5842
113.835,0.2532,0.6747,0.7864,0.5808
113.885,0.2281,0.6800,0.8516,0.6028
113.937,0.2392,0.6942,0.9382,0.6394
113.987,0.2539,0.7025,0.9720,0.6600
114.037,0.2276,0.7111,0.9879,0.6740
114.088,0.2068,0.7252,0.9544,0.6484
114.138,0.2664,0.7320,0.9531,0.6477
114.190,0.3239,0.7435,0.9170,0.6292
114.240,0.2990,0.7479,0.8908,0.6178
114.290,0.2844,0.7509,0.8468,0.6011
114.340,0.3339,0.7588,0.9018,0.6225
114.390,0.3072,0.7641,0.9366,0.6386
114.440,0.2864,0.7702,0.9657,0.6556
114.490,0.2703,0.7796,0.9045,0.6236
114.540,0.2664,0.7800,0.7935,0.5830
114.590,0.1716,0.7739,0.6553,0.5420
114.640,0.1299,0.7685,0.5928,0.5249
114.690,0.1218,0.7614,0.5309,0.5082
114.740,0.1244,0.7459,0.5315,0.5084
114.790,0.1048,0.7430,0.6489,0.5403
114.841,0.0966,0.7435,0.7621,0.5731
114.892,0.2514,0.7459,0.7646,0.5739
114.942,0.2557,0.7468,0.7763,0.5776
114.992,0.2418,0.7512,0.8148,0.5900
115.042,0.2574,0.7520,0.7789,0.5784
115.092,0.2899,0.7511,0.7204,0.5606
115.142,0.2331,0.7429,0.5769,0.5206
115.193,0.2056,0.7391,0.6174,0.5316
115.243,0.2146,0.7386,0.7207,0.5607
115.293,0.2573,0.7444,0.8618,0.6066
115.343,0.2493,0.7487,0.8864,0.6161
115.395,0.2255,0.7562,0.8622,0.6067
115.445,0.3380,0.7602,0.8892,0.6172
115.495,0.3516,0.7640,0.8854,0.6157
115.545,0.2639,0.7697,0.8524,0.6031
115.595,0.2556,0.7714,0.8246,0.5933
115.645,0.2576,0.7732,0.8326,0.5961
115.695,0.1911,0.7808,0.9214,0.6312
115.745,0.1625,0.7857,0.9438,0.6424
115.801,0.1544,0.7903,0.9383,0.6395
115.845,0.1864,0.7937,0.8409,0.5990
115.895,0.1678,0.7951,0.8432,0.5998
115.945,0.1596,0.7958,0.8158,0.5904
115.995,0.1990,0.7954,0.7729,0.5765
116.045,0.2146,0.7941,0.7524,0.5702
116.100,0.2233,0.7929,0.7546,0.5709
116.146,0.2246,0.7960,0.8736,0.6110
116.196,0.2681,0.7995,0.9131,0.6274
116.246,0.2877,0.8035,0.9336,0.6371
116.298,0.2610,0.8142,0.9919,0.6789
116.348,0.2559,0.8194,0.9882,0.6744
116.401,0.2873,0.8264,0.9104,0.6262
116.451,0.2774,0.8272,0.8525,0.6031
116.501,0.2597,0.8256,0.7728,0.5765
116.551,0.3622,0.8222,0.8033,0.5862
116.601,0.3272,0.8237,0.8711,0.6101
116.651,0.2877,0.8265,0.9186,0.6299
116.701,0.2563,0.8337,0.9536,0.6479
116.751,0.2952,0.8360,0.9107,0.6263
116.806,0.2759,0.8381,0.9049,0.6238
116.851,0.2078,0.8368,0.7878,0.5812
116.901,0.1902,0.8335,0.7274,0.5627
116.953,0.1750,0.8211,0.6063,0.5285
117.004,0.1617,0.8171,0.6856,0.5506
117.055,0.1522,0.8160,0.7816,0.5792
117.106,0.2320,0.8178,0.8553,0.6042
117.156,0.2614,0.8176,0.8130,0.5894
117.211,0.2525,0.8150,0.7322,0.5641
117.256,0.2414,0.8098,0.7145,0.5589
117.307,0.2880,0.8066,0.7009,0.5550
117.357,0.2604,0.7997,0.6857,0.5506
117.407,0.2383,0.7962,0.6807,0.5492
117.458,0.2201,0.7945,0.7405,0.5666
117.508,0.2618,0.7969,0.8628,0.6070
117.559,0.1991,0.8005,0.9171,0.6292
117.609,0.1614,0.8049,0.9454,0.6433
117.659,0.2173,0.8103,0.8715,0.6102
117.709,0.2967,0.8121,0.8718,0.6103
117.763,0.2345,0.8137,0.8304,0.5953
117.813,0.2237,0.8137,0.8155,0.5903
117.864,0.2380,0.8127,0.7808,0.5790
117.914,0.1910,0.8129,0.8412,0.5991
117.964,0.1463,0.8148,0.8761,0.6120
118.014,0.1328,0.8177,0.9094,0.6258
118.064,0.1686,0.8174,0.7677,0.5749
118.114,0.1740,0.8144,0.7166,0.5595
118.164,0.1733,0.8092,0.6409,0.5380
118.214,0.2027,0.7948,0.5271,0.5072
118.264,0.1980,0.7848,0.4640,0.4904
118.319,0.1676,0.7732,0.3980,0.4726
118.364,0.1222,0.7606,0.6206,0.5324
118.414,0.1961,0.7594,0.7190,0.5602
118.464,0.2796,0.7631,0.8499,0.6022
118.514,0.2689,0.7650,0.8250,0.5935
118.564,0.2579,0.7665,0.8156,0.5903
118.614,0.2864,0.7656,0.7340,0.5646
118.664,0.2493,0.7628,0.6751,0.5476
118.717,0.2013,0.7503,0.5146,0.5039
118.768,0.2166,0.7436,0.5288,0.5077
118.818,0.3124,0.7403,0.6322,0.5356
118.868,0.2715,0.7420,0.8001,0.5852
118.918,0.2622,0.7456,0.8617,0.6065
118.970,0.2824,0.7553,0.9113,0.6266
119.020,0.2475,0.7595,0.8934,0.6189
119.070,0.2058,0.7630,0.8753,0.6117
119.120,0.1641,0.7685,0.8552,0.6041
119.171,0.2311,0.7702,0.8260,0.5938
119.221,0.1940,0.7722,0.8277,0.5944
119.271,0.1758,0.7751,0.8662,0.6082
119.321,0.1647,0.7790,0.9066,0.6245
119.371,0.2558,0.7888,0.9465,0.6439
119.422,0.2454,0.7932,0.9364,0.6385
119.472,0.2327,0.8011,0.9062,0.6243
119.522,0.2588,0.8025,0.8482,0.6016
119.572,0.2591,0.8026,0.8074,0.5876
119.622,0.2044,0.7972,0.6668,0.5453
119.672,0.1903,0.7930,0.6576,0.5427
119.722,0.2799,0.7915,0.8002,0.5852
119.772,0.2799,0.7934,0.8540,0.6037
119.822,0.2556,0.7956,0.8650,0.6077
119.872,0.2663,0.7951,0.7854,0.5805
119.922,0.2920,0.7912,0.6669,0.5453
119.972,0.2719,0.7857,0.6065,0.5286
120.022,0.2307,0.7694,0.4814,0.4950
120.072,0.2333,0.7587,0.4132,0.4767
120.122,0.1936,0.7415,0.5331,0.5088
120.173,0.1546,0.7388,0.6511,0.5409
120.223,0.1337,0.7390,0.7461,0.5683
120.273,0.2058,0.7458,0.8771,0.6124
120.324,0.2493,0.7483,0.8317,0.5958
120.375,0.2446,0.7475,0.7183,0.5600
120.425,0.2397,0.7450,0.6620,0.5439
120.475,0.2863,0.7410,0.6136,0.5305
120.525,0.2565,0.7274,0.4757,0.4935
120.575,0.2407,0.7218,0.5404,0.5108
120.627,0.2997,0.7203,0.7382,0.5659
120.677,0.3171,0.7230,0.8113,0.5889
120.727,0.2788,0.7273,0.8658,0.6081
120.777,0.2344,0.7368,0.8761,0.6120
120.827,0.2675,0.7404,0.8563,0.6045
120.878,0.2527,0.7471,0.8450,0.6004
120.929,0.2359,0.7492,0.8150,0.5901
120.979,0.2227,0.7503,0.7880,0.5813
121.029,0.2339,0.7534,0.8270,0.5941
121.079,0.2159,0.7573,0.8831,0.6148
121.131,0.1848,0.7667,0.9263,0.6335
121.181,0.1854,0.7714,0.9220,0.6315
121.231,0.1908,0.7758,0.9186,0.6299
121.281,0.1254,0.7841,0.9131,0.6274
121.331,0.1106,0.7873,0.8904,0.6177
121.383,0.2390,0.7911,0.8338,0.5965
121.434,0.3311,0.7912,0.7958,0.5838
121.484,0.2945,0.7922,0.8258,0.5938
121.534,0.2801,0.7972,0.8936,0.6190
121.584,0.3731,0.8012,0.9300,0.6353
121.635,0.3350,0.8058,0.9549,0.6487
121.685,0.2780,0.8152,0.9553,0.6490
121.735,0.2625,0.8183,0.9177,0.6295
121.786,0.2820,0.8190,0.7990,0.5848
121.837,0.2610,0.8156,0.7031,0.5556
121.887,0.2252,0.8100,0.6302,0.5351
121.937,0.2450,0.8034,0.7366,0.5654
121.987,0.2493,0.8036,0.8111,0.5888
122.037,0.2024,0.8055,0.8138,0.5897
122.087,0.1966,0.8039,0.7533,0.5704
122.137,0.2512,0.8049,0.8361,0.5973
122.187,0.2742,0.8064,0.8142,0.5898
122.237,0.2519,0.8045,0.7445,0.5678
122.291,0.2366,0.8005,0.6695,0.5460
122.339,0.2485,0.7875,0.5675,0.5180
122.389,0.2295,0.7834,0.6500,0.5406
122.439,0.2103,0.7827,0.8052,0.5868
122.489,0.2431,0.7839,0.8237,0.5930
122.539,0.2612,0.7838,0.7811,0.5791
122.589,0.2282,0.7759,0.6703,0.5462
122.639,0.2182,0.7729,0.6779,0.5484
122.689,0.2861,0.7670,0.6736,0.5472
122.739,0.2953,0.7636,0.6536,0.5416
122.789,0.2860,0.7593,0.6203,0.5324
122.839,0.2736,0.7579,0.7748,0.5771
122.889,0.3200,0.7602,0.8371,0.5976
122.942,0.3115,0.7636,0.8706,0.6099
122.989,0.2387,0.7674,0.8055,0.5870
123.039,0.2276,0.7693,0.8293,0.5950
123.090,0.3033,0.7698,0.7826,0.5796
123.140,0.2740,0.7697,0.7669,0.5746
123.190,0.2575,0.7687,0.7389,0.5661
123.240,0.2516,0.7646,0.7138,0.5587
123.290,0.2207,0.7649,0.7757,0.5774
123.341,0.1678,0.7696,0.8579,0.6051
123.390,0.1573,0.7721,0.8530,0.6033
123.442,0.2187,0.7751,0.8716,0.6103
123.492,0.2141,0.7831,0.9102,0.6261
123.542,0.1974,0.7864,0.8932,0.6189
123.595,0.1820,0.7883,0.8480,0.6015
123.642,0.2858,0.7862,0.7146,0.5589
123.693,0.2651,0.7833,0.6890,0.5515
123.743,0.2277,0.7835,0.8220,0.5925
123.793,0.2575,0.7861,0.8704,0.6098
123.843,0.2792,0.7901,0.9214,0.6312
123.893,0.2150,0.7995,0.9434,0.6422
123.943,0.1988,0.8025,0.8987,0.6211
123.993,0.2170,0.8029,0.8171,0.5908
124.044,0.2562,0.8000,0.7330,0.5644
124.095,0.2324,0.7967,0.6900,0.5518
124.145,0.2729,0.7880,0.6774,0.5482
124.196,0.3482,0.7873,0.7630,0.5734
124.246,0.3248,0.7885,0.8266,0.5940
124.296,0.2607,0.7937,0.8813,0.6140
124.346,0.2652,0.7964,0.8830,0.6147
124.398,0.2818,0.7988,0.8747,0.6115
124.446,0.1941,0.8003,0.8194,0.5916
124.496,0.1694,0.8009,0.8190,0.5914
124.547,0.2250,0.8010,0.7888,0.5815
124.598,0.2119,0.8010,0.8017,0.5857
124.652,0.1769,0.8055,0.9009,0.6221
124.702,0.1915,0.8093,0.9344,0.6375
124.752,0.2371,0.8132,0.9394,0.6401
124.802,0.2137,0.8171,0.8896,0.6174
124.853,0.2039,0.8178,0.8413,0.5991
124.906,0.1987,0.8172,0.7965,0.5840
124.953,0.2518,0.8112,0.6798,0.5489
125.003,0.2328,0.8058,0.6319,0.5355
125.054,0.2157,0.7975,0.6953,0.5533
125.104,0.2652,0.7969,0.7800,0.5787
125.154,0.2753,0.7978,0.8241,0.5932
125.204,0.2251,0.8018,0.8850,0.6155
125.255,0.2111,0.8042,0.8809,0.6139
125.305,0.2565,0.8066,0.8830,0.6147
125.355,0.2546,0.8078,0.8154,0.5902
125.405,0.2375,0.8076,0.7992,0.5849
125.459,0.2205,0.8063,0.7652,0.5741
125.505,0.2610,0.8043,0.8014,0.5856
125.555,0.2275,0.8058,0.8550,0.6041
125.606,0.1881,0.8114,0.9092,0.6257
125.656,0.2311,0.8146,0.9174,0.6293
125.706,0.2692,0.8182,0.9325,0.6366
125.757,0.2154,0.8227,0.8672,0.6086
125.807,0.2026,0.8225,0.8170,0.5908
125.857,0.2174,0.8205,0.7544,0.5708
125.907,0.2272,0.8141,0.6928,0.5526
125.957,0.2064,0.8120,0.7440,0.5677
126.012,0.1892,0.8120,0.8120,0.5891
126.057,0.2510,0.8157,0.8921,0.6184
126.107,0.2391,0.8173,0.8680,0.6089
126.163,0.1993,0.8184,0.8545,0.6039
126.208,0.2469,0.8174,0.7944,0.5833
126.259,0.2775,0.8159,0.7667,0.5746
126.311,0.2217,0.8104,0.7054,0.5563
126.362,0.2142,0.8060,0.6660,0.5450
126.412,0.3054,0.8038,0.7317,0.5640
126.464,0.2933,0.8046,0.8447,0.6003
126.514,0.2791,0.8069,0.8812,0.6140
126.564,0.2682,0.8095,0.8927,0.6186
126.614,0.3052,0.8139,0.8561,0.6045
126.664,0.2320,0.8138,0.8105,0.5886
126.714,0.2054,0.8114,0.7343,0.5647
126.764,0.2041,0.7993,0.5667,0.5178
126.814,0.2176,0.7897,0.4812,0.4950
126.869,0.1846,0.7543,0.0926,0.3751
126.919,0.1744,0.7318,0.0026,0.3120
126.969,0.1895,0.7098,0.0000,0.2645
127.019,0.1644,0.6679,0.0000,0.2547
127.069,0.1386,0.6478,0.0000,0.2742
127.119,0.1316,0.6284,0.0000,0.2869
127.169,0.2056,0.5912,0.0001,0.3021
127.219,0.2170,0.5735,0.0006,0.3056
127.269,0.2144,0.5563,0.0008,0.3066
127.319,0.2739,0.5294,0.1602,0.4014
127.370,0.2835,0.5232,0.3225,0.4517
127.420,0.2467,0.5218,0.4765,0.4937
127.470,0.1817,0.5284,0.6336,0.5360
127.520,0.2159,0.5301,0.5853,0.5229
127.570,0.2239,0.5283,0.4706,0.4922
127.620,0.1736,0.5209,0.3905,0.4706
127.670,0.1626,0.5151,0.3272,0.4530
127.723,0.2003,0.5073,0.2557,0.4322
127.770,0.1844,0.5027,0.4939,0.4984
127.821,0.1563,0.5055,0.5971,0.5260
127.872,0.1810,0.5170,0.7047,0.5561
127.922,0.1961,0.5230,0.7164,0.5595
127.972,0.1786,0.5280,0.6883,0.5513
128.022,0.1630,0.5332,0.6113,0.5299
128.072,0.1945,0.5362,0.6332,0.5359
128.122,0.2625,0.5384,0.6105,0.5297
128.172,0.2199,0.5421,0.6220,0.5328
128.222,0.2095,0.5469,0.7027,0.5555
128.277,0.3017,0.5622,0.8399,0.5986
128.327,0.2637,0.5722,0.8961,0.6200
128.377,0.2229,0.5808,0.8609,0.6062
128.428,0.2516,0.5941,0.8132,0.5895
128.478,0.2899,0.6002,0.7975,0.5843
128.528,0.2677,0.6056,0.7793,0.5785
128.578,0.2698,0.6130,0.7113,0.5580
128.628,0.3638,0.6164,0.7267,0.5625
128.679,0.2808,0.6281,0.8391,0.5983
128.729,0.2637,0.6356,0.8784,0.6129
128.780,0.2553,0.6431,0.8847,0.6154
128.830,0.2814,0.6473,0.6333,0.5359
128.880,0.2269,0.6428,0.4963,0.4990
128.936,0.1518,0.6361,0.4204,0.4787
128.982,0.1314,0.6190,0.3092,0.4480
129.032,0.1603,0.6083,0.2633,0.4345
129.082,0.1573,0.5981,0.2673,0.4357
129.132,0.1349,0.5906,0.5390,0.5104
129.183,0.2027,0.5914,0.6168,0.5314
129.234,0.2443,0.5945,0.6348,0.5363
129.284,0.2357,0.5973,0.6885,0.5514
129.334,0.2243,0.5988,0.6466,0.5396
129.384,0.2759,0.5982,0.5587,0.5157
129.434,0.2353,0.5950,0.4914,0.4977
129.485,0.1408,0.5824,0.3496,0.4593
129.535,0.1613,0.5781,0.4403,0.4841
129.585,0.2682,0.5776,0.5609,0.5163
129.635,0.2667,0.5843,0.7328,0.5643
129.685,0.2397,0.5902,0.7806,0.5789
129.736,0.2420,0.6005,0.7447,0.5678
129.786,0.2265,0.6055,0.7689,0.5753
129.836,0.2111,0.6099,0.7518,0.5700
129.887,0.1844,0.6165,0.7101,0.5576
129.937,0.1929,0.6182,0.6739,0.5473
129.987,0.1499,0.6243,0.7442,0.5677
130.037,0.1272,0.6297,0.8047,0.5867
130.087,0.1137,0.6361,0.8441,0.6001
130.137,0.2525,0.6435,0.7035,0.5557
130.187,0.2506,0.6446,0.6807,0.5492
130.239,0.2425,0.6458,0.6842,0.5502
130.287,0.2593,0.6461,0.6501,0.5406
130.337,0.2588,0.6458,0.6350,0.5364
130.387,0.2029,0.6419,0.5816,0.5219
130.437,0.1807,0.6425,0.6616,0.5438
130.487,0.2617,0.6451,0.7301,0.5635
130.537,0.3071,0.6552,0.8380,0.5980
130.587,0.2905,0.6626,0.9028,0.6229
130.637,0.2758,0.6789,0.9397,0.6402
130.688,0.2967,0.6858,0.9099,0.6259
130.740,0.2612,0.6935,0.7868,0.5809
130.791,0.2444,0.6936,0.6952,0.5533
130.841,0.2352,0.6911,0.6108,0.5298
130.891,0.1992,0.6891,0.6979,0.5541
130.941,0.1644,0.6916,0.7729,0.5765
130.991,0.1356,0.6994,0.8321,0.5959
131.041,0.1740,0.7036,0.8387,0.5982
131.092,0.2101,0.7069,0.8124,0.5892
131.142,0.2029,0.7114,0.7459,0.5682
131.192,0.1992,0.7102,0.6697,0.5461
131.242,0.2212,0.7011,0.5162,0.5043
131.292,0.1897,0.6938,0.4578,0.4887
131.343,0.1346,0.6895,0.5505,0.5135
131.393,0.1434,0.6891,0.7143,0.5589
131.443,0.2557,0.6911,0.7538,0.5706
131.494,0.3248,0.6881,0.5903,0.5242
131.544,0.3131,0.6853,0.5937,0.5251
131.594,0.3051,0.6812,0.5490,0.5131
131.644,0.2787,0.6723,0.5223,0.5059
131.694,0.1833,0.6676,0.5157,0.5042
131.747,0.1320,0.6625,0.4989,0.4997
131.794,0.3499,0.6592,0.6479,0.5400
131.844,0.3460,0.6610,0.7207,0.5607
131.894,0.2962,0.6692,0.8073,0.5875
131.944,0.2983,0.6734,0.8094,0.5882
131.994,0.3001,0.6751,0.7291,0.5632
132.044,0.1824,0.6764,0.6939,0.5529
132.094,0.1251,0.6765,0.6801,0.5490
132.145,0.1582,0.6736,0.6129,0.5303
132.195,0.1863,0.6716,0.6079,0.5290
132.245,0.1929,0.6716,0.6728,0.5469
132.295,0.1873,0.6780,0.8095,0.5883
132.345,0.2502,0.6816,0.7966,0.5840
132.398,0.2805,0.6825,0.7131,0.5585
132.445,0.2574,0.6796,0.6262,0.5340
132.495,0.2539,0.6758,0.5526,0.5141
132.545,0.2861,0.6635,0.4303,0.4814
132.595,0.2152,0.6550,0.3822,0.4683
132.648,0.1652,0.6443,0.2955,0.4440
132.695,0.1475,0.6320,0.4940,0.4984
132.745,0.1950,0.6313,0.6086,0.5292
132.798,0.1369,0.6387,0.8017,0.5857
132.848,0.1221,0.6436,0.8043,0.5865
132.898,0.1685,0.6441,0.6598,0.5433
132.948,0.2142,0.6378,0.5112,0.5030
132.999,0.1839,0.6329,0.4724,0.4926
133.051,0.1583,0.6163,0.3064,0.4471
133.101,0.1841,0.6082,0.3481,0.4589
133.150,0.1871,0.6043,0.4776,0.4940
133.201,0.1663,0.6057,0.6714,0.5465
133.251,0.1663,0.6097,0.7405,0.5666
133.301,0.2677,0.6155,0.8021,0.5858
133.351,0.2939,0.6237,0.7424,0.5672
133.401,0.2842,0.6270,0.7339,0.5646
133.451,0.3851,0.6307,0.6657,0.5449
133.502,0.2990,0.6309,0.6368,0.5369
133.553,0.2641,0.6305,0.6182,0.5318
133.604,0.2316,0.6365,0.7707,0.5758
133.654,0.2749,0.6418,0.8107,0.5886
133.704,0.2757,0.6549,0.8688,0.6092
133.754,0.2558,0.6608,0.8516,0.6028
133.804,0.2286,0.6664,0.8457,0.6007
133.855,0.2391,0.6761,0.8136,0.5896
133.905,0.2139,0.6797,0.7962,0.5839
133.955,0.1927,0.6822,0.7626,0.5733
134.005,0.2503,0.6850,0.7471,0.5686
134.056,0.3238,0.6888,0.8088,0.5880
134.106,0.2758,0.6993,0.8913,0.6181
134.157,0.2669,0.7057,0.9130,0.6273
134.207,0.2742,0.7118,0.9084,0.6253
134.257,0.2212,0.7234,0.8935,0.6189
134.307,0.1844,0.7261,0.8127,0.5893
134.358,0.1570,0.7271,0.7589,0.5722
134.408,0.1531,0.7200,0.5713,0.5191
134.459,0.1450,0.7171,0.6203,0.5324
134.510,0.1367,0.7185,0.7782,0.5782
134.560,0.1741,0.7211,0.8067,0.5873
134.610,0.2250,0.7216,0.7352,0.5650
134.660,0.2258,0.7234,0.7918,0.5825
134.710,0.2201,0.7251,0.7773,0.5779
134.760,0.2763,0.7238,0.6816,0.5494
134.810,0.2226,0.7139,0.5148,0.5039
134.861,0.1924,0.7054,0.4290,0.4810
134.911,0.1692,0.6990,0.4920,0.4979
134.961,0.2595,0.6956,0.6874,0.5511
135.011,0.2535,0.6968,0.7342,0.5647
135.064,0.2265,0.6964,0.6476,0.5399
135.114,0.2430,0.6934,0.5981,0.5263
135.164,0.3034,0.6920,0.6453,0.5393
135.214,0.2562,0.6869,0.6027,0.5276
135.264,0.2461,0.6840,0.5883,0.5237
135.314,0.2546,0.6803,0.5601,0.5161
135.364,0.2035,0.6769,0.6600,0.5434
135.414,0.1740,0.6789,0.7427,0.5673
135.464,0.1702,0.6851,0.7817,0.5793
135.515,0.2188,0.6860,0.7150,0.5590
135.565,0.2391,0.6877,0.7454,0.5681
135.615,0.2165,0.6847,0.6177,0.5316
135.665,0.2176,0.6827,0.6177,0.5317
135.715,0.2622,0.6804,0.6055,0.5283
135.765,0.2311,0.6727,0.5528,0.5141
135.815,0.2225,0.6714,0.6306,0.5352
135.865,0.2459,0.6726,0.7095,0.5574
135.916,0.3071,0.6786,0.7864,0.5808
135.966,0.2860,0.6828,0.8163,0.5905
136.016,0.2523,0.6938,0.8808,0.6138
136.066,0.2880,0.6976,0.8195,0.5916
136.116,0.2914,0.6994,0.7573,0.5717
136.166,0.2272,0.6942,0.5639,0.5171
136.216,0.2179,0.6873,0.4668,0.4912
136.266,0.3105,0.6835,0.5600,0.5160
136.317,0.2675,0.6843,0.7423,0.5671
136.367,0.2542,0.6884,0.8197,0.5917
136.417,0.2736,0.6942,0.8813,0.6140
136.468,0.2948,0.6999,0.7724,0.5764
136.518,0.2548,0.6986,0.6561,0.5423
136.568,0.2213,0.6950,0.5792,0.5212
136.618,0.2165,0.6820,0.4376,0.4833
136.668,0.1837,0.6719,0.3457,0.4583
136.719,0.1375,0.6602,0.5296,0.5079
136.769,0.1282,0.6597,0.6434,0.5387
136.819,0.1699,0.6611,0.7058,0.5564
136.869,0.1976,0.6637,0.7013,0.5551
136.919,0.1950,0.6640,0.6728,0.5470
136.969,0.1941,0.6620,0.5987,0.5265
137.019,0.2610,0.6582,0.5966,0.5259
137.069,0.2141,0.6557,0.5752,0.5201
137.119,0.1966,0.6523,0.5428,0.5114
137.169,0.2779,0.6505,0.6610,0.5436
137.219,0.2966,0.6530,0.7323,0.5641
137.274,0.2159,0.6633,0.8541,0.6037
137.324,0.1935,0.6702,0.8923,0.6185
137.374,0.2907,0.6744,0.8104,0.5886
137.424,0.2669,0.6820,0.7945,0.5833
137.474,0.2418,0.6854,0.7950,0.5835
137.524,0.2305,0.6876,0.7575,0.5718
137.574,0.2473,0.6887,0.7059,0.5564
137.624,0.1803,0.6910,0.7658,0.5743
137.677,0.1471,0.6945,0.8071,0.5875
137.724,0.1817,0.7035,0.8362,0.5973
137.775,0.2957,0.7034,0.7023,0.5554
137.825,0.3031,0.6896,0.4171,0.4778
137.875,0.2978,0.6790,0.3362,0.4556
137.925,0.3038,0.6676,0.2976,0.4446
137.975,0.2425,0.6411,0.1957,0.4134
138.025,0.2178,0.6290,0.2361,0.4263
138.080,0.1946,0.6206,0.3487,0.4591
138.125,0.2184,0.6151,0.5785,0.5210
138.175,0.1705,0.6151,0.6156,0.5311
138.229,0.1184,0.6132,0.6085,0.5291
138.279,0.1599,0.6122,0.5809,0.5216
138.330,0.1775,0.6101,0.5414,0.5111
138.380,0.1448,0.5997,0.3985,0.4728
138.430,0.1346,0.5921,0.3470,0.4586
138.481,0.1508,0.5838,0.3142,0.4494
138.531,0.1754,0.5778,0.5362,0.5097
138.581,0.1735,0.5795,0.6342,0.5362
138.634,0.1959,0.5888,0.7622,0.5732
138.684,0.2340,0.5927,0.7205,0.5607
138.735,0.2184,0.5963,0.7130,0.5585
138.786,0.1971,0.6038,0.7226,0.5613
138.836,0.2528,0.6066,0.6975,0.5540
138.890,0.2986,0.6084,0.6167,0.5314
138.940,0.2735,0.6106,0.6823,0.5496
138.991,0.2559,0.6146,0.7439,0.5676
139.041,0.2885,0.6260,0.8169,0.5907
139.092,0.2539,0.6302,0.7664,0.5745
139.143,0.1609,0.6371,0.7581,0.5719
139.193,0.1537,0.6405,0.7502,0.5695
139.243,0.1650,0.6424,0.7036,0.5557
139.293,0.1242,0.6440,0.6566,0.5424
139.343,0.1135,0.6432,0.6168,0.5314
139.393,0.1069,0.6439,0.6654,0.5449
139.443,0.3821,0.6505,0.7804,0.5788
139.493,0.3408,0.6557,0.8236,0.5930
139.543,0.3188,0.6625,0.8824,0.6145
139.593,0.3085,0.6784,0.9331,0.6369
139.644,0.2379,0.6851,0.9007,0.6220
139.694,0.1463,0.6923,0.7760,0.5775
139.744,0.1329,0.6915,0.6662,0.5451
139.794,0.1400,0.6880,0.5767,0.5205
139.844,0.1173,0.6838,0.6519,0.5411
139.894,0.1068,0.6853,0.7322,0.5641
139.944,0.1013,0.6883,0.7877,0.5812
139.994,0.2775,0.6931,0.7601,0.5725
140.045,0.2610,0.6962,0.7962,0.5839
140.099,0.2520,0.6978,0.7500,0.5695
140.145,0.2656,0.6947,0.6150,0.5309
140.195,0.2565,0.6897,0.5276,0.5074
140.247,0.1740,0.6748,0.4424,0.4846
140.297,0.1607,0.6707,0.5396,0.5106
140.347,0.2226,0.6697,0.6376,0.5371
140.397,0.2492,0.6720,0.7074,0.5568
140.447,0.2311,0.6699,0.6010,0.5271
140.501,0.2567,0.6592,0.5000,0.5000
140.551,0.2570,0.6542,0.4953,0.4988
140.601,0.2447,0.6493,0.4892,0.4971
140.653,0.2055,0.6394,0.4752,0.4934
140.703,0.2335,0.6341,0.4648,0.4906
140.753,0.2442,0.6318,0.5565,0.5151
140.804,0.2098,0.6346,0.7190,0.5602
140.854,0.2030,0.6387,0.7705,0.5758
140.905,0.2267,0.6469,0.7550,0.5710
140.955,0.2171,0.6478,0.6768,0.5481
141.006,0.2089,0.6480,0.6564,0.5424
141.056,0.2506,0.6482,0.6453,0.5393
141.106,0.3493,0.6471,0.6124,0.5302
141.157,0.3095,0.6455,0.5928,0.5249
141.208,0.2787,0.6484,0.7361,0.5653
141.259,0.2974,0.6525,0.7840,0.5800
141.310,0.2320,0.6578,0.6982,0.5542
141.360,0.1694,0.6587,0.6887,0.5515
141.410,0.1501,0.6563,0.5788,0.5211
141.460,0.1967,0.6439,0.4213,0.4789
141.510,0.1969,0.6356,0.3682,0.4645
141.560,0.1924,0.6259,0.3129,0.4490
141.610,0.3014,0.6067,0.3547,0.4607
141.660,0.3111,0.6033,0.4929,0.4981
141.711,0.2800,0.6024,0.5760,0.5203
141.762,0.2293,0.6098,0.7712,0.5760
141.812,0.2469,0.6152,0.7896,0.5818
141.865,0.2671,0.6176,0.6927,0.5526
141.912,0.2383,0.6151,0.5551,0.5147
141.963,0.2275,0.6120,0.5086,0.5023
142.013,0.2444,0.6010,0.4033,0.4741
142.063,0.2038,0.5964,0.4483,0.4862
142.115,0.1814,0.5951,0.5546,0.5146
142.165,0.1990,0.6008,0.7364,0.5654
142.216,0.2658,0.6062,0.7800,0.5787
142.269,0.2695,0.6174,0.7791,0.5784
142.320,0.2586,0.6223,0.7794,0.5785
142.371,0.2797,0.6273,0.7897,0.5818
142.422,0.2732,0.6360,0.7647,0.5740
142.473,0.2336,0.6390,0.7362,0.5653
142.526,0.2025,0.6460,0.7796,0.5786
142.576,0.2068,0.6516,0.8350,0.5969
142.627,0.1859,0.6581,0.8665,0.6083
142.677,0.1205,0.6720,0.8916,0.6182
142.727,0.1420,0.6775,0.8563,0.6045
142.777,0.2200,0.6840,0.8936,0.6190
142.828,0.2344,0.6952,0.8580,0.6051
142.878,0.2078,0.6993,0.8303,0.5953
142.928,0.2118,0.7032,0.7565,0.5714
142.978,0.1733,0.7060,0.7965,0.5840
143.028,0.1511,0.7102,0.8436,0.6000
143.078,0.1380,0.7208,0.9129,0.6273
143.128,0.1702,0.7269,0.9252,0.6330
143.178,0.1520,0.7317,0.8853,0.6156
143.228,0.0805,0.7382,0.8153,0.5902
143.279,0.1068,0.7400,0.7986,0.5847
143.329,0.1716,0.7403,0.7515,0.5699
143.380,0.2093,0.7351,0.6145,0.5308
143.430,0.2088,0.7334,0.6773,0.5482
143.483,0.2616,0.7353,0.7808,0.5790
143.534,0.2442,0.7363,0.7674,0.5748
143.584,0.2259,0.7334,0.6385,0.5374
143.634,0.2167,0.7333,0.7445,0.5678
143.684,0.2430,0.7326,0.7099,0.5576
143.734,0.2510,0.7291,0.6159,0.5312
143.785,0.2352,0.7156,0.4589,0.4890
143.835,0.2344,0.7061,0.3983,0.4727
143.885,0.5476,0.6997,0.4923,0.4979
143.935,0.3315,0.6959,0.6713,0.5465
143.985,0.3125,0.6966,0.7171,0.5597
144.035,0.3001,0.6965,0.6956,0.5534
144.085,0.2587,0.6902,0.6265,0.5341
144.135,0.1749,0.6874,0.5982,0.5263
144.185,0.1471,0.6841,0.5769,0.5206
144.235,0.1643,0.6757,0.5116,0.5031
144.286,0.1705,0.6710,0.5205,0.5055
144.336,0.1527,0.6690,0.6032,0.5277
144.386,0.1797,0.6720,0.7526,0.5703
144.436,0.2553,0.6741,0.7424,0.5672
144.487,0.2362,0.6743,0.6865,0.5508
144.537,0.2243,0.6729,0.6298,0.5350
144.588,0.2388,0.6709,0.6041,0.5279
144.638,0.2333,0.6660,0.5845,0.5226
144.688,0.1799,0.6629,0.5618,0.5165
144.738,0.1644,0.6593,0.5414,0.5111
144.788,0.2310,0.6574,0.6642,0.5445
144.838,0.2711,0.6599,0.7413,0.5668
144.888,0.2380,0.6662,0.7732,0.5766
144.938,0.2293,0.6711,0.8311,0.5956
144.988,0.2897,0.6767,0.8571,0.6048
145.038,0.2596,0.6848,0.7828,0.5796
145.089,0.2435,0.6854,0.7051,0.5562
145.142,0.2350,0.6827,0.5968,0.5260
145.189,0.2290,0.6725,0.5095,0.5025
145.239,0.1992,0.6701,0.5926,0.5248
145.290,0.1665,0.6725,0.7461,0.5683
145.340,0.1935,0.6767,0.8101,0.5885
145.390,0.2169,0.6821,0.8590,0.6055
145.440,0.1784,0.6844,0.6891,0.5516
145.490,0.1688,0.6822,0.6118,0.5300
145.540,0.1902,0.6777,0.5322,0.5086
145.590,0.1710,0.6611,0.3534,0.4604
145.640,0.1528,0.6533,0.3988,0.4728
145.690,0.1348,0.6485,0.4964,0.4990
145.741,0.3107,0.6477,0.6785,0.5485
145.791,0.3099,0.6496,0.7079,0.5570
145.841,0.2775,0.6533,0.7176,0.5598
145.891,0.2949,0.6534,0.6577,0.5427
145.941,0.3085,0.6526,0.6259,0.5339
145.992,0.2268,0.6492,0.6010,0.5271
146.042,0.2052,0.6472,0.5825,0.5221
146.092,0.2082,0.6458,0.6001,0.5269
146.142,0.1919,0.6485,0.7232,0.5615
146.192,0.1739,0.6530,0.7966,0.5840
146.242,0.1698,0.6590,0.8554,0.6042
146.292,0.2497,0.6685,0.7496,0.5693
146.342,0.2703,0.6710,0.7514,0.5699
146.392,0.2693,0.6733,0.7479,0.5688
146.442,0.2918,0.6745,0.6730,0.5470
146.493,0.2805,0.6739,0.6544,0.5418
146.544,0.2297,0.6726,0.6305,0.5352
146.595,0.1808,0.6753,0.7512,0.5698
146.645,0.2335,0.6793,0.8083,0.5879
146.696,0.3358,0.6860,0.7597,0.5724
146.747,0.3025,0.6841,0.6240,0.5334
146.798,0.2894,0.6792,0.5209,0.5056
146.848,0.2859,0.6658,0.4182,0.4781
146.899,0.2284,0.6569,0.3687,0.4646
146.949,0.1861,0.6464,0.3089,0.4479
146.999,0.1935,0.6274,0.3759,0.4666
147.050,0.2516,0.6236,0.5021,0.5006
147.104,0.2554,0.6222,0.5775,0.5207
147.151,0.2380,0.6219,0.6178,0.5317
147.202,0.2654,0.6227,0.6498,0.5405
147.252,0.2689,0.6197,0.5447,0.5119
147.302,0.2490,0.6155,0.4800,0.4947
147.352,0.2299,0.6092,0.4055,0.4747
147.402,0.2081,0.5913,0.2857,0.4411
147.452,0.1659,0.5852,0.3887,0.4701
147.502,0.1354,0.5830,0.5105,0.5028
147.553,0.1344,0.5860,0.6799,0.5490
147.603,0.1737,0.5902,0.7261,0.5623
147.656,0.2030,0.5973,0.6994,0.5545
147.706,0.2048,0.6008,0.7161,0.5594
147.756,0.2396,0.6045,0.7244,0.5618
147.806,0.3475,0.6093,0.6658,0.5450
147.857,0.3072,0.6094,0.6123,0.5302
147.911,0.2922,0.6113,0.6700,0.5461
147.958,0.2976,0.6202,0.7824,0.5795
148.008,0.2718,0.6261,0.8180,0.5911
148.058,0.2306,0.6316,0.6646,0.5446
148.108,0.2363,0.6350,0.7436,0.5675
148.158,0.2903,0.6377,0.7253,0.5621
148.208,0.2563,0.6403,0.6686,0.5458
148.259,0.2371,0.6408,0.6572,0.5426
148.309,0.2273,0.6403,0.6256,0.5338
148.359,0.2187,0.6429,0.7164,0.5595
148.409,0.2043,0.6468,0.7739,0.5768
148.459,0.1961,0.6517,0.8106,0.5886
148.509,0.2927,0.6650,0.8866,0.6161
148.559,0.3152,0.6719,0.8940,0.6192
148.609,0.2948,0.6775,0.8598,0.6058
148.661,0.2725,0.6830,0.7263,0.5624
148.711,0.2801,0.6814,0.6296,0.5349
148.764,0.2108,0.6730,0.5443,0.5118
148.814,0.1957,0.6717,0.6299,0.5350
148.864,0.2098,0.6729,0.7100,0.5576
148.914,0.2872,0.6778,0.7569,0.5716
148.964,0.2861,0.6796,0.7366,0.5654
149.014,0.2829,0.6822,0.7662,0.5744
149.064,0.3077,0.6848,0.7019,0.5553
149.115,0.2731,0.6832,0.6317,0.5355
149.165,0.2139,0.6791,0.5463,0.5124
149.215,0.2710,0.6680,0.5191,0.5051
149.265,0.3282,0.6660,0.6003,0.5269
149.315,0.3013,0.6664,0.6785,0.5486
149.365,0.2505,0.6690,0.6901,0.5518
149.415,0.2574,0.6662,0.5764,0.5205
149.469,0.2716,0.6629,0.5566,0.5151
149.515,0.1757,0.6559,0.5439,0.5117
149.565,0.1525,0.6529,0.5536,0.5143
149.615,0.1435,0.6483,0.4995,0.4999
149.666,0.1637,0.6395,0.5287,0.5077
149.716,0.1565,0.6384,0.6007,0.5270
149.768,0.1634,0.6428,0.7468,0.5685
149.818,0.2166,0.6466,0.7692,0.5753
149.868,0.2193,0.6502,0.7658,0.5743
149.918,0.1667,0.6514,0.6459,0.5394
149.969,0.1584,0.6506,0.6279,0.5344
150.019,0.2289,0.6492,0.6032,0.5277
150.069,0.2455,0.6433,0.5344,0.5092
150.120,0.2353,0.6399,0.5287,0.5077
150.171,0.3255,0.6400,0.6824,0.5497
150.221,0.3080,0.6433,0.7516,0.5699
150.272,0.2680,0.6461,0.7362,0.5653
150.322,0.2001,0.6470,0.6353,0.5365
150.372,0.2494,0.6463,0.6242,0.5334
150.424,0.2697,0.6405,0.5327,0.5087
150.474,0.2614,0.6356,0.4760,0.4936
150.524,0.2571,0.6276,0.3676,0.4643
150.574,0.2510,0.6118,0.4116,0.4763
150.625,0.1923,0.6086,0.5054,0.5014
150.675,0.0973,0.6110,0.6958,0.5535
150.726,0.1593,0.6164,0.7910,0.5822
150.777,0.2314,0.6205,0.7522,0.5701
150.827,0.2582,0.6198,0.5659,0.5176
150.877,0.2488,0.6172,0.5313,0.5084
150.930,0.2590,0.6130,0.4777,0.4941
150.977,0.2284,0.5992,0.3397,0.4566
151.027,0.2048,0.5932,0.3994,0.4730
151.080,0.2430,0.5909,0.6018,0.5273
151.130,0.2784,0.5938,0.6860,0.5507
151.180,0.2770,0.5984,0.7461,0.5683
151.231,0.2501,0.6074,0.7203,0.5606
151.281,0.2716,0.6101,0.6997,0.5546
151.331,0.2980,0.6123,0.6841,0.5501
151.381,0.2137,0.6149,0.6431,0.5387
151.431,0.1975,0.6148,0.6127,0.5303
151.481,0.2711,0.6156,0.6429,0.5386
151.531,0.2654,0.6224,0.7548,0.5709
151.581,0.2241,0.6280,0.8117,0.5890
151.631,0.2061,0.6344,0.8390,0.5983
151.681,0.2480,0.6432,0.7637,0.5736
151.731,0.2369,0.6475,0.7857,0.5805
151.781,0.2247,0.6505,0.7483,0.5689
151.831,0.2224,0.6537,0.6857,0.5506
151.881,0.2272,0.6532,0.6394,0.5376
151.934,0.1999,0.6527,0.6355,0.5365
151.981,0.1533,0.6568,0.7510,0.5698
152.031,0.1661,0.6612,0.8044,0.5866
152.082,0.1901,0.6721,0.8389,0.5983
152.132,0.1583,0.6747,0.7599,0.5725
152.182,0.1477,0.6744,0.6653,0.5448
152.233,0.2060,0.6663,0.5066,0.5018
152.283,0.2216,0.6586,0.4098,0.4758
152.336,0.2085,0.6385,0.3125,0.4489
152.386,0.2050,0.6317,0.4092,0.4757
152.436,0.2336,0.6286,0.5305,0.5081
152.486,0.1699,0.6251,0.5414,0.5110
152.536,0.1388,0.6185,0.4055,0.4747
152.586,0.2026,0.6161,0.5380,0.5101
152.636,0.3133,0.6117,0.5197,0.5053
152.686,0.2770,0.6078,0.4795,0.4945
152.738,0.2590,0.6024,0.4294,0.4811
152.786,0.2630,0.5890,0.3684,0.4645
152.836,0.2418,0.5848,0.4517,0.4871
152.886,0.1697,0.5851,0.6244,0.5335
152.937,0.1580,0.5875,0.6660,0.5450
152.990,0.2655,0.5893,0.6472,0.5398
153.039,0.3095,0.5856,0.5419,0.5112
153.089,0.2895,0.5848,0.5599,0.5160
153.139,0.3103,0.5827,0.5490,0.5131
153.190,0.3217,0.5811,0.5306,0.5082
153.240,0.2599,0.5783,0.5545,0.5146
153.291,0.2434,0.5796,0.6221,0.5329
153.341,0.2533,0.5834,0.7040,0.5559
153.391,0.2303,0.5916,0.7024,0.5554
153.442,0.1999,0.5926,0.6233,0.5332
153.492,0.1698,0.5980,0.6554,0.5421
153.542,0.2753,0.5986,0.6179,0.5317
153.592,0.2740,0.5995,0.6301,0.5350
153.642,0.2275,0.5998,0.5933,0.5250
153.692,0.2825,0.5994,0.5864,0.5231
153.742,0.3438,0.6008,0.6454,0.5393
153.792,0.2979,0.6089,0.7617,0.5730
153.843,0.2907,0.6136,0.7665,0.5745
153.893,0.3286,0.6265,0.8508,0.6025
153.943,0.2984,0.6339,0.8730,0.6108
153.993,0.2613,0.6397,0.8297,0.5951
154.043,0.2225,0.6440,0.6586,0.5429
154.094,0.2217,0.6422,0.5841,0.5225
154.144,0.1408,0.6344,0.5502,0.5134
154.195,0.0914,0.6340,0.6228,0.5330
154.248,0.0750,0.6357,0.6897,0.5517
154.295,0.1478,0.6448,0.8107,0.5887
154.345,0.1477,0.6504,0.8312,0.5956
154.395,0.1395,0.6535,0.6575,0.5426
154.445,0.1792,0.6515,0.5871,0.5233
154.495,0.2108,0.6487,0.5571,0.5153
154.545,0.1892,0.6391,0.4602,0.4894
154.595,0.1839,0.6339,0.4648,0.4906
154.645,0.3974,0.6317,0.6421,0.5384
154.695,0.3184,0.6339,0.7042,0.5559
154.745,0.2855,0.6367,0.7278,0.5628
154.795,0.2865,0.6401,0.6855,0.5506
154.845,0.3292,0.6396,0.6232,0.5331
154.897,0.2308,0.6367,0.5889,0.5238
154.947,0.2122,0.6349,0.5790,0.5211
154.997,0.2154,0.6320,0.5359,0.5096
155.047,0.2259,0.6272,0.5853,0.5229
155.097,0.2024,0.6281,0.6558,0.5422
155.147,0.1805,0.6307,0.7145,0.5589
155.198,0.2382,0.6413,0.8366,0.5975
155.248,0.2635,0.6467,0.8217,0.5924
155.298,0.2630,0.6551,0.7964,0.5840
155.349,0.2732,0.6586,0.7724,0.5764
155.399,0.3052,0.6610,0.7398,0.5664
155.449,0.2508,0.6623,0.6583,0.5429
155.499,0.2341,0.6622,0.6619,0.5439
155.549,0.2902,0.6670,0.7651,0.5741
155.600,0.3001,0.6713,0.8093,0.5882
155.650,0.2471,0.6749,0.7917,0.5824
155.701,0.1868,0.6764,0.7159,0.5593
155.751,0.2120,0.6734,0.5754,0.5202
155.804,0.2162,0.6677,0.4848,0.4960
155.851,0.1771,0.6509,0.3416,0.4571
155.901,0.1609,0.6395,0.2732,0.4375
155.954,0.1680,0.6223,0.3986,0.4728
156.004,0.1473,0.6189,0.5086,0.5023
156.054,0.1425,0.6183,0.5988,0.5265
156.104,0.1812,0.6193,0.6322,0.5356
156.155,0.2608,0.6205,0.6586,0.5429
156.209,0.2269,0.6183,0.5684,0.5183
156.259,0.2163,0.6160,0.5406,0.5108
156.309,0.2529,0.6122,0.4897,0.4973
156.359,0.2604,0.5993,0.3617,0.4627
156.409,0.2379,0.5946,0.4432,0.4848
156.459,0.2166,0.5930,0.5417,0.5111
156.509,0.2639,0.5969,0.6934,0.5528
156.559,0.2447,0.6014,0.7450,0.5679
156.609,0.1767,0.6090,0.7192,0.5603
156.659,0.2016,0.6133,0.7512,0.5698
156.709,0.3637,0.6167,0.7261,0.5623
156.759,0.3299,0.6207,0.6638,0.5444
156.809,0.2923,0.6207,0.6192,0.5321
156.859,0.3098,0.6222,0.6727,0.5469
156.909,0.2744,0.6299,0.7745,0.5770
156.959,0.2455,0.6348,0.7946,0.5834
157.009,0.2289,0.6385,0.7561,0.5713
157.059,0.2417,0.6457,0.7667,0.5746
157.109,0.2192,0.6487,0.7457,0.5682
157.161,0.1651,0.6521,0.6963,0.5536
157.211,0.1676,0.6526,0.6692,0.5459
157.261,0.1941,0.6519,0.6299,0.5350
157.311,0.1818,0.6541,0.7149,0.5590
157.361,0.1693,0.6576,0.7701,0.5756
157.415,0.1626,0.6619,0.8031,0.5862
157.462,0.2952,0.6749,0.9106,0.6263
157.512,0.2825,0.6821,0.9135,0.6276
157.563,0.2639,0.6939,0.8594,0.6057
157.613,0.2725,0.6971,0.8001,0.5852
157.663,0.2352,0.6979,0.7240,0.5617
157.713,0.1820,0.6919,0.5809,0.5217
157.763,0.1637,0.6906,0.6489,0.5402
157.813,0.1897,0.6911,0.7057,0.5563
157.863,0.2137,0.6954,0.7699,0.5756
157.914,0.1942,0.6969,0.7468,0.5685
157.965,0.2783,0.7007,0.7733,0.5766
158.015,0.3339,0.7006,0.6999,0.5547
158.065,0.2652,0.6975,0.5960,0.5258
158.115,0.2226,0.6876,0.5044,0.5012
158.165,0.2277,0.6814,0.4820,0.4952
158.215,0.2056,0.6775,0.5510,0.5136
158.265,0.1473,0.6770,0.6999,0.5547
158.315,0.1404,0.6774,0.6874,0.5511
158.365,0.1716,0.6742,0.5724,0.5194
158.415,0.1443,0.6629,0.5000,0.5000
158.465,0.1284,0.6580,0.4971,0.4992
158.517,0.1532,0.6483,0.4958,0.4989
158.567,0.1975,0.6435,0.4867,0.4964
158.617,0.2055,0.6385,0.4785,0.4943
158.667,0.2132,0.6354,0.6172,0.5315
158.717,0.2673,0.6371,0.6917,0.5523
158.767,0.2782,0.6402,0.7400,0.5665
158.818,0.2115,0.6474,0.7704,0.5757
158.867,0.1976,0.6500,0.7364,0.5654
158.918,0.2529,0.6508,0.6501,0.5406
158.968,0.2357,0.6509,0.6519,0.5411
159.019,0.2119,0.6498,0.6143,0.5307
159.070,0.2600,0.6441,0.5652,0.5174
159.121,0.3810,0.6439,0.6370,0.5369
159.173,0.2973,0.6487,0.7419,0.5670
159.223,0.2699,0.6492,0.6674,0.5454
159.273,0.2702,0.6485,0.6240,0.5334
159.323,0.2263,0.6466,0.6051,0.5282
159.373,0.1839,0.6438,0.5547,0.5146
159.423,0.1516,0.6395,0.5006,0.5002
159.473,0.1762,0.6240,0.3459,0.4583
159.523,0.1729,0.6154,0.3377,0.4560
159.573,0.1485,0.6102,0.4431,0.4848
159.623,0.1732,0.6092,0.6510,0.5408
159.673,0.2959,0.6131,0.7404,0.5666
159.729,0.2929,0.6177,0.7667,0.5746
159.774,0.2675,0.6181,0.5636,0.5170
159.824,0.2809,0.6154,0.5272,0.5073
159.874,0.2599,0.6111,0.4713,0.4923
159.925,0.1773,0.5972,0.3472,0.4587
159.975,0.1630,0.5909,0.3878,0.4699
160.029,0.2799,0.5872,0.5697,0.5186
160.079,0.2784,0.5896,0.6667,0.5452
160.129,0.2485,0.5935,0.7180,0.5599
160.179,0.2702,0.6019,0.7195,0.5604
160.229,0.2902,0.6045,0.6879,0.5512
160.279,0.2735,0.6071,0.6923,0.5525
160.330,0.2227,0.6091,0.6152,0.5310
160.381,0.2378,0.6084,0.5840,0.5225
160.435,0.2635,0.6082,0.6032,0.5277
160.481,0.1808,0.6131,0.7244,0.5618
160.531,0.1608,0.6179,0.7726,0.5764
160.581,0.1797,0.6049,0.7836,0.5799
160.631,0.1722,0.6089,0.7381,0.5659
160.681,0.1604,0.6135,0.7650,0.5741
160.731,0.1685,0.6188,0.6691,0.5459
160.781,0.2289,0.6193,0.6338,0.5361
160.831,0.2333,0.6185,0.5924,0.5248
160.881,0.1570,0.6167,0.6144,0.5308
160.931,0.1458,0.6187,0.6850,0.5504
160.983,0.2999,0.6268,0.7833,0.5798
161.034,0.2673,0.6327,0.8242,0.5932
161.084,0.2528,0.6366,0.7613,0.5729
161.135,0.2603,0.6380,0.6310,0.5353
161.186,0.2493,0.6367,0.5955,0.5256
161.238,0.1999,0.6278,0.4402,0.4840
161.288,0.2122,0.6198,0.3617,0.4627
161.338,0.2667,0.6149,0.4565,0.4884
161.389,0.2616,0.6135,0.6226,0.5330
161.439,0.2558,0.6142,0.6364,0.5368
161.490,0.2610,0.6123,0.5515,0.5137
161.540,0.2285,0.6148,0.6698,0.5461
161.590,0.1846,0.6165,0.6730,0.5470
161.640,0.1556,0.6163,0.6107,0.5297
161.690,0.2025,0.6091,0.4490,0.4864
161.740,0.2064,0.6017,0.3612,0.4626
161.793,0.1884,0.5967,0.4349,0.4826
161.841,0.1825,0.5950,0.5979,0.5262
161.892,0.2924,0.5968,0.6563,0.5423
161.942,0.2872,0.5965,0.5472,0.5126
161.992,0.2680,0.5950,0.5497,0.5133
162.041,0.2569,0.5959,0.6220,0.5328
162.092,0.2386,0.5953,0.5729,0.5195
162.142,0.2197,0.5928,0.5130,0.5035
162.192,0.2039,0.5898,0.4901,0.4974
162.243,0.2359,0.5896,0.6209,0.5325
162.293,0.2501,0.5926,0.6886,0.5514
162.343,0.1993,0.5998,0.6942,0.5530
162.393,0.1792,0.6005,0.6227,0.5330
162.444,0.2386,0.6028,0.6792,0.5487
162.494,0.2723,0.6036,0.5950,0.5255
162.545,0.2647,0.6032,0.5904,0.5242
162.597,0.2658,0.6014,0.5608,0.5163
162.647,0.2897,0.6002,0.5627,0.5168
162.698,0.2554,0.6007,0.6151,0.5309
162.748,0.1932,0.6068,0.7262,0.5623
162.798,0.1922,0.6102,0.7204,0.5606
162.848,0.2142,0.6155,0.7887,0.5815
162.898,0.1437,0.6206,0.7115,0.5580
162.949,0.1159,0.6221,0.6701,0.5462
163.000,0.2600,0.6190,0.5400,0.5107
163.050,0.2708,0.6138,0.4443,0.4851
163.099,0.2552,0.6068,0.3818,0.4682
163.150,0.2788,0.6018,0.5737,0.5197
163.200,0.3337,0.6033,0.6534,0.5415
163.250,0.3150,0.6070,0.7258,0.5622
163.300,0.2663,0.6192,0.8300,0.5952
163.350,0.2573,0.6248,0.8057,0.5870
163.401,0.2715,0.6280,0.6512,0.5409
163.451,0.2404,0.6272,0.5994,0.5267
163.501,0.2233,0.6239,0.5195,0.5052
163.551,0.2302,0.6148,0.5008,0.5002
163.602,0.2246,0.6137,0.5793,0.5212
163.655,0.2055,0.6174,0.7088,0.5572
163.705,0.2178,0.6198,0.6979,0.5541
163.755,0.2463,0.6214,0.6708,0.5464
163.805,0.1801,0.6200,0.5552,0.5148
163.855,0.1539,0.6178,0.5452,0.5121
163.905,0.1407,0.6155,0.5411,0.5110
163.955,0.2399,0.6086,0.4817,0.4951
164.005,0.2414,0.6058,0.5164,0.5044
164.055,0.2373,0.6057,0.6007,0.5270
164.105,0.2861,0.6113,0.7408,0.5667
164.155,0.3004,0.6169,0.7955,0.5837
164.206,0.2948,0.6221,0.7916,0.5824
164.257,0.2817,0.6267,0.7064,0.5565
164.307,0.3339,0.6288,0.6985,0.5543
164.357,0.2829,0.6294,0.6055,0.5283
164.407,0.2620,0.6274,0.5628,0.5168
164.457,0.2523,0.6258,0.5746,0.5200
164.508,0.3605,0.6278,0.6934,0.5528
164.557,0.2898,0.6316,0.7559,0.5712
164.608,0.2688,0.6353,0.7531,0.5704
164.659,0.2644,0.6316,0.5163,0.5044
164.709,0.2535,0.6251,0.4140,0.4770
164.759,0.1742,0.6177,0.3811,0.4680
164.809,0.1201,0.5998,0.3010,0.4456
164.859,0.1481,0.5890,0.2399,0.4275
164.909,0.1681,0.5802,0.2957,0.4441
164.959,0.1546,0.5725,0.4978,0.4994
165.009,0.1612,0.5722,0.5628,0.5168
165.059,0.1865,0.5731,0.6047,0.5281
165.109,0.1703,0.5758,0.6138,0.5306
165.159,0.1575,0.5752,0.5568,0.5152
165.213,0.1511,0.5730,0.5014,0.5004
165.260,0.2297,0.5626,0.3620,0.4628
165.311,0.1971,0.5543,0.2857,0.4412
165.360,0.1724,0.5425,0.3972,0.4724
165.411,0.2039,0.5412,0.4996,0.4999
165.460,0.2671,0.5419,0.5668,0.5179
165.511,0.2195,0.5492,0.6900,0.5518
165.562,0.2077,0.5525,0.6618,0.5439
165.614,0.2949,0.5592,0.6679,0.5456
165.664,0.2576,0.5618,0.6439,0.5389
165.715,0.1898,0.5642,0.6429,0.5386
165.765,0.1963,0.5671,0.5987,0.5265
165.816,0.2523,0.5697,0.6541,0.5417
165.866,0.2409,0.5739,0.7095,0.5574
165.916,0.2207,0.5844,0.7472,0.5686
165.966,0.2779,0.5870,0.6713,0.5465
166.016,0.3018,0.5904,0.7014,0.5551
166.066,0.2595,0.5985,0.7106,0.5578
166.117,0.2480,0.6008,0.6739,0.5473
166.167,0.2822,0.6026,0.6603,0.5434
166.217,0.2746,0.6033,0.5993,0.5266
166.267,0.2528,0.6046,0.6448,0.5391
166.317,0.2404,0.6075,0.7003,0.5548
166.367,0.2970,0.6174,0.8037,0.5864
166.418,0.2667,0.6247,0.8589,0.6055
166.468,0.2358,0.6321,0.8734,0.6110
166.518,0.2357,0.6418,0.7581,0.5719
166.568,0.2065,0.6427,0.6716,0.5466
166.621,0.1369,0.6354,0.4554,0.4881
166.672,0.1243,0.6285,0.4040,0.4743
166.722,0.2314,0.6242,0.4874,0.4966
166.773,0.2203,0.6232,0.6397,0.5377
166.823,0.2111,0.6245,0.6646,0.5446
166.874,0.2055,0.6242,0.6151,0.5309
166.925,0.1829,0.6165,0.4391,0.4837
166.975,0.1265,0.6062,0.2746,0.4379
167.026,0.0852,0.5755,0.0387,0.3474
167.077,0.1196,0.5582,0.0008,0.3068
167.130,0.1729,0.5415,0.0000,0.2724
167.178,0.1720,0.5127,0.0929,0.3753
167.228,0.1671,0.5034,0.2024,0.4156
167.278,0.2327,0.4934,0.3543,0.4606
167.329,0.2234,0.4890,0.3465,0.4585
167.379,0.2102,0.4818,0.2510,0.4308
167.429,0.2354,0.4561,0.0000,0.2999
167.480,0.2426,0.4425,0.0000,0.2142
167.535,0.1976,0.4292,0.0000,0.1292
167.581,0.0906,0.4038,0.0000,0.1442
167.631,0.1209,0.3917,0.0000,0.2276
167.681,0.2183,0.3701,0.0504,0.3544
167.731,0.1914,0.3622,0.1082,0.3817
167.782,0.1793,0.3551,0.1265,0.3890
167.832,0.3480,0.3394,0.0618,0.3606
167.883,0.3041,0.3295,0.0079,0.3209
167.933,0.2688,0.3196,0.0000,0.2782
167.983,0.2383,0.3007,0.0000,0.2111
168.033,0.2414,0.2917,0.0000,0.2487
168.086,0.1549,0.2763,0.0611,0.3602
168.136,0.1350,0.2733,0.1770,0.4072
168.186,0.1492,0.2725,0.2443,0.4288
168.236,0.2765,0.2688,0.2020,0.4155
168.287,0.2660,0.2662,0.1839,0.4095
168.337,0.2616,0.2610,0.0930,0.3753
168.387,0.3029,0.2457,0.0000,0.2568
168.437,0.2655,0.2383,0.0000,0.2010
168.487,0.2200,0.2312,0.0000,0.1929
168.538,0.1842,0.2182,0.0239,0.3368
168.589,0.2613,0.2155,0.1256,0.3886
168.643,0.2574,0.2167,0.2584,0.4331
168.693,0.2393,0.2175,0.2430,0.4284
168.744,0.2404,0.2143,0.1112,0.3830
168.795,0.2357,0.2018,0.0000,0.2348
168.845,0.1898,0.1958,0.0000,0.1478
168.895,0.1427,0.1899,0.0000,0.0591
168.945,0.3094,0.1787,0.0000,0.1974
168.996,0.3277,0.1733,0.0000,0.2781
169.046,0.2907,0.1686,0.0154,0.3294
169.096,0.2886,0.1635,0.0940,0.3758
169.146,0.3034,0.1610,0.0798,0.3694
169.200,0.2397,0.1519,0.0000,0.2726
169.250,0.2133,0.1473,0.0000,0.2660
169.300,0.2264,0.1429,0.0000,0.2410
169.350,0.2417,0.1345,0.0000,0.2439
169.401,0.1948,0.1305,0.0014,0.3087
169.451,0.1769,0.1289,0.0760,0.3676
169.502,0.2209,0.1340,0.2584,0.4331
169.552,0.2076,0.1386,0.2880,0.4418
169.606,0.1622,0.1417,0.2415,0.4280
169.652,0.1433,0.1368,0.0028,0.3123
169.703,0.1827,0.1327,0.0000,0.2554
169.754,0.1078,0.1249,0.0000,0.0988
169.804,0.0728,0.1212,0.0000,0.0840
169.854,0.0933,0.1175,0.0000,0.1866
169.905,0.2191,0.1110,0.0155,0.3295
169.955,0.1750,0.1105,0.0937,0.3756
170.005,0.1473,0.1112,0.1341,0.3919
170.055,0.2752,0.1108,0.0746,0.3669
170.106,0.2897,0.1077,0.0082,0.3213
170.156,0.2754,0.1045,0.0000,0.2749
170.207,0.2523,0.0983,0.0000,0.1858
170.257,0.2609,0.0954,0.0000,0.1379
170.308,0.1599,0.0897,0.0000,0.0000
170.358,0.1292,0.0871,0.0000,0.0000
170.408,0.1099,0.0844,0.0000,0.0000
170.458,0.1399,0.0794,0.0000,0.0000
170.508,0.1318,0.0771,0.0000,0.0000
170.559,0.1247,0.0748,0.0000,0.0000
170.608,0.1316,0.0703,0.0000,0.0000
170.659,0.1332,0.0682,0.0000,0.0000
170.709,0.1290,0.0662,0.0000,0.0000
170.759,0.1373,0.0623,0.0000,0.0000
170.809,0.1502,0.0604,0.0000,0.0000
170.859,0.1331,0.0586,0.0000,0.0000
170.909,0.1159,0.0551,0.0000,0.0000
170.959,0.1241,0.0535,0.0000,0.0000
171.010,0.1484,0.0503,0.0000,0.0000
171.061,0.1431,0.0488,0.0000,0.0000
171.112,0.1421,0.0473,0.0000,0.0000
171.162,0.1778,0.0445,0.0000,0.0000
171.213,0.1792,0.0432,0.0000,0.0000
171.267,0.1766,0.0419,0.0000,0.0000
171.313,0.1807,0.0394,0.0000,0.0000
171.363,0.2018,0.0382,0.0000,0.0000
171.415,0.1868,0.0360,0.0000,0.0000
171.465,0.1797,0.0349,0.0000,0.0000
171.516,0.1799,0.0339,0.0000,0.0000
171.566,0.2269,0.0319,0.0000,0.0000
171.616,0.2119,0.0309,0.0000,0.0000
171.670,0.2050,0.0300,0.0000,0.0000
171.716,0.2339,0.0282,0.0000,0.0000
171.766,0.2451,0.0274,0.0000,0.0000
171.816,0.2071,0.0257,0.0000,0.0000
171.866,0.1999,0.0250,0.0000,0.0000
171.917,0.2190,0.0242,0.0000,0.0000
171.967,0.2312,0.0228,0.0000,0.0000
172.017,0.2144,0.0221,0.0000,0.0000
172.067,0.2069,0.0214,0.0000,0.0000
172.118,0.2668,0.0202,0.0000,0.0000
172.168,0.2522,0.0196,0.0000,0.0000
172.219,0.2386,0.0190,0.0000,0.0000
172.269,0.2591,0.0179,0.0000,0.0000
172.321,0.2562,0.0173,0.0000,0.0000
172.375,0.2380,0.0168,0.0000,0.0000
172.422,0.2119,0.0158,0.0000,0.0000
172.472,0.2885,0.0153,0.0000,0.0000
172.526,0.2715,0.0144,0.0000,0.0000
172.576,0.2442,0.0140,0.0000,0.0000
172.626,0.2359,0.0136,0.0000,0.0000
172.677,0.2728,0.0128,0.0000,0.0000
172.727,0.2523,0.0124,0.0000,0.0000
172.777,0.2263,0.0120,0.0000,0.0000
172.827,0.2519,0.0113,0.0000,0.0000
172.878,0.2426,0.0110,0.0000,0.0000
172.928,0.2319,0.0106,0.0000,0.0000
172.978,0.2106,0.0100,0.0000,0.0000
173.028,0.2497,0.0097,0.0000,0.0000
173.078,0.2667,0.0094,0.0000,0.0000
173.128,0.2349,0.0089,0.0000,0.0000
173.178,0.2224,0.0086,0.0000,0.0000
173.228,0.2290,0.0083,0.0000,0.0000
173.278,0.2170,0.0078,0.0000,0.0000
173.328,0.2178,0.0076,0.0000,0.0000
173.378,0.2182,0.0074,0.0000,0.0000
173.429,0.2858,0.0069,0.0000,0.0000
173.479,0.2699,0.0067,0.0000,0.0000
173.529,0.2644,0.0065,0.0000,0.0000
173.579,0.3144,0.0062,0.0000,0.0000
173.629,0.3037,0.0060,0.0000,0.0000
173.680,0.2357,0.0056,0.0000,0.0000
173.730,0.2323,0.0054,0.0000,0.0000
173.780,0.2492,0.0053,0.0000,0.0000
173.830,0.2337,0.0050,0.0000,0.0000
173.880,0.2376,0.0048,0.0000,0.0000
173.931,0.2354,0.0047,0.0000,0.0000
173.982,0.2920,0.0044,0.0000,0.0000
174.032,0.2673,0.0043,0.0000,0.0000
174.082,0.2522,0.0041,0.0000,0.0000
174.132,0.2765,0.0039,0.0000,0.0000
174.182,0.2689,0.0038,0.0000,0.0000
174.232,0.2473,0.0037,0.0000,0.0000
174.282,0.2324,0.0034,0.0000,0.0000
174.332,0.3129,0.0033,0.0000,0.0000
174.382,0.3196,0.0032,0.0000,0.0000
174.432,0.2362,0.0031,0.0000,0.0000
174.483,0.2183,0.0030,0.0000,0.0000
174.535,0.3137,0.0028,0.0000,0.0000
174.585,0.2928,0.0027,0.0000,0.0000
174.635,0.2393,0.0026,0.0000,0.0000
174.685,0.2635,0.0025,0.0000,0.0000
174.736,0.2869,0.0024,0.0000,0.0000
174.786,0.2607,0.0023,0.0000,0.0000
174.836,0.2333,0.0022,0.0000,0.0000
174.887,0.2880,0.0021,0.0000,0.0000
174.938,0.3153,0.0021,0.0000,0.0000
174.988,0.2622,0.0019,0.0000,0.0000
175.038,0.2439,0.0019,0.0000,0.0000
175.090,0.3191,0.0018,0.0000,0.0000
175.140,0.2813,0.0017,0.0000,0.0000
175.191,0.2537,0.0017,0.0000,0.0000
175.243,0.3122,0.0016,0.0000,0.0000
175.293,0.3086,0.0015,0.0000,0.0000
175.343,0.2757,0.0015,0.0000,0.0000
175.393,0.2548,0.0014,0.0000,0.0000
175.443,0.3342,0.0013,0.0000,0.0000
175.493,0.3629,0.0013,0.0000,0.0000
175.544,0.2714,0.0012,0.0000,0.0000
175.594,0.2554,0.0012,0.0000,0.0000
175.649,0.3141,0.0011,0.0000,0.0000
175.699,0.2701,0.0011,0.0000,0.0000
175.749,0.2374,0.0011,0.0000,0.0000
175.800,0.3333,0.0010,0.0000,0.0000
175.851,0.3084,0.0010,0.0000,0.0000
175.901,0.2427,0.0009,0.0000,0.0000
175.951,0.2085,0.0009,0.0000,0.0000
176.001,0.2103,0.0008,0.0000,0.0000
176.054,0.1574,0.0008,0.0000,0.0000
176.104,0.1429,0.0008,0.0000,0.0000
176.154,0.1336,0.0008,0.0000,0.0000
176.204,0.2241,0.0007,0.0000,0.0000
176.254,0.2234,0.0007,0.0000,0.0000
176.304,0.1975,0.0007,0.0000,0.0000
176.354,0.2269,0.0006,0.0000,0.0000
176.404,0.2512,0.0006,0.0000,0.0000
176.455,0.1638,0.0006,0.0000,0.0000
176.506,0.0511,0.0006,0.0000,0.0000
176.556,0.0324,0.0005,0.0000,0.0000
176.608,0.0000,0.0005,0.0000,0.0000
176.658,0.0000,0.0005,0.0000,0.0000
176.708,0.0000,0.0005,0.0000,0.0000
176.760,0.0000,0.0004,0.0000,0.0000
176.810,0.0000,0.0004,0.0000,0.0000
176.860,0.0000,0.0004,0.0000,0.0000
176.911,0.0000,0.0004,0.0000,0.0000
176.962,0.0000,0.0004,0.0000,0.0000
177.012,0.0000,0.0004,0.0000,0.0000
177.062,0.0000,0.0004,0.0000,0.0000
177.116,0.0000,0.0003,0.0000,0.0000
177.166,0.0776,0.0003,0.0000,0.0000
177.216,0.0864,0.0003,0.0000,0.0000
177.267,0.0937,0.0003,0.0000,0.0000
177.317,0.2488,0.0003,0.0000,0.0000
177.367,0.2081,0.0003,0.0000,0.0000
177.417,0.2149,0.0003,0.0000,0.0000
177.468,0.3477,0.0003,0.0000,0.0000
177.518,0.3987,0.0002,0.0000,0.0000
177.569,0.3403,0.0002,0.0000,0.0000
177.619,0.3084,0.0002,0.0000,0.0000
177.669,0.3919,0.0002,0.0000,0.0000
177.719,0.3306,0.0002,0.0000,0.0000
177.770,0.2783,0.0002,0.0000,0.0000
177.820,0.2626,0.0002,0.0000,0.0000
177.870,0.2779,0.0002,0.0000,0.0000
177.920,0.2588,0.0002,0.0000,0.0000
177.971,0.2241,0.0002,0.0000,0.0000
178.021,0.2204,0.0002,0.0000,0.0000
178.072,0.2656,0.0002,0.0000,0.0000
178.122,0.2230,0.0001,0.0000,0.0000
178.172,0.2120,0.0001,0.0000,0.0000
178.224,0.2478,0.0001,0.0000,0.0000
178.274,0.2467,0.0001,0.0000,0.0000
178.324,0.2454,0.0001,0.0000,0.0000
178.374,0.2420,0.0001,0.0000,0.0000
178.424,0.3065,0.0001,0.0000,0.0000
178.474,0.3097,0.0001,0.0000,0.0000
178.524,0.2046,0.0001,0.0000,0.0000
178.574,0.1885,0.0001,0.0000,0.0000
178.624,0.2231,0.0001,0.0000,0.0000
178.675,0.2118,0.0001,0.0000,0.0000
178.725,0.2033,0.0001,0.0000,0.0000
178.777,0.4003,0.0001,0.0000,0.0000
178.827,0.3582,0.0001,0.0000,0.0000
178.877,0.3114,0.0001,0.0000,0.0000
178.927,0.2742,0.0001,0.0000,0.0000
178.977,0.2942,0.0001,0.0000,0.0000
179.027,0.2605,0.0001,0.0000,0.0000
179.077,0.1643,0.0001,0.0000,0.0000
179.128,0.1444,0.0001,0.0000,0.0000
179.181,0.1719,0.0001,0.0000,0.0000
179.231,0.1595,0.0001,0.0000,0.0000
179.281,0.1446,0.0001,0.0000,0.0000
179.331,0.1753,0.0001,0.0000,0.0000
179.381,0.1910,0.0001,0.0000,0.0000
179.431,0.1699,0.0000,0.0000,0.0000
179.481,0.1425,0.0000,0.0000,0.0000
179.531,0.1742,0.0000,0.0000,0.0000
179.581,0.1888,0.0000,0.0000,0.0000
179.631,0.1661,0.0000,0.0000,0.0000
179.682,0.1601,0.0000,0.0000,0.0000
179.732,0.2350,0.0000,0.0000,0.0000
179.783,0.2051,0.0000,0.0000,0.0000
179.833,0.1894,0.0000,0.0000,0.0000
179.883,0.2271,0.0000,0.0000,0.0000
179.934,0.2516,0.0000,0.0000,0.0000
179.988,0.2154,0.0000,0.0000,0.0000
180.038,0.2063,0.0000,0.0000,0.0000
