timestamp_s,relative_exertion,mix,ep_target_weight,sustained_energy
0.000,0.3090,0.0003,0.0000,0.2267
0.050,0.1501,0.0003,0.0000,0.1706
0.101,0.1064,0.0003,0.0000,0.1166
0.151,0.0618,0.0003,0.0000,0.0000
0.201,0.0499,0.0003,0.0000,0.2259
0.252,0.0396,0.0003,0.0000,0.2298
0.302,0.0654,0.0003,0.0000,0.1594
0.353,0.0746,0.0003,0.0000,0.0948
0.408,0.0716,0.0002,0.0000,0.0199
0.453,0.0443,0.0002,0.0000,0.1908
0.503,0.1295,0.0002,0.0000,0.1729
0.554,0.1579,0.0002,0.0000,0.0953
0.604,0.1434,0.0002,0.0000,0.0249
0.654,0.1352,0.0002,0.0000,0.1307
0.706,0.3607,0.0002,0.0000,0.2851
0.757,0.3199,0.0002,0.0000,0.2353
0.807,0.2992,0.0002,0.0000,0.1821
0.857,0.2565,0.0002,0.0000,0.0929
0.908,0.1569,0.0002,0.0000,0.2101
0.959,0.1044,0.0002,0.0000,0.2143
1.009,0.0463,0.0002,0.0000,0.2016
1.059,0.0946,0.0002,0.0000,0.1828
1.110,0.1175,0.0002,0.0008,0.3067
1.162,0.1180,0.0021,0.0634,0.3614
1.212,0.1167,0.0024,0.0123,0.3261
1.262,0.1590,0.0023,0.0000,0.2886
1.312,0.1527,0.0022,0.0000,0.2591
1.362,0.1366,0.0021,0.0000,0.2445
1.413,0.1580,0.0020,0.0000,0.2254
1.463,0.1648,0.0019,0.0000,0.1535
1.516,0.1344,0.0019,0.0000,0.2167
1.563,0.1014,0.0018,0.0000,0.1341
1.613,0.1371,0.0017,0.0002,0.3033
1.665,0.1542,0.0017,0.0000,0.2523
1.715,0.1482,0.0016,0.0000,0.2126
1.766,0.1464,0.0016,0.0000,0.1538
1.816,0.1489,0.0015,0.0000,0.1522
1.866,0.1073,0.0014,0.0000,0.2391
1.916,0.0864,0.0014,0.0000,0.2099
1.966,0.1230,0.0013,0.0000,0.1332
2.017,0.1303,0.0013,0.0000,0.0558
2.067,0.1229,0.0012,0.0000,0.1135
2.117,0.1030,0.0013,0.0000,0.2943
2.167,0.1729,0.0012,0.0000,0.2514
2.220,0.1455,0.0012,0.0000,0.1470
2.270,0.0990,0.0011,0.0000,0.0753
2.320,0.0958,0.0011,0.0000,0.1732
2.371,0.2318,0.0010,0.0000,0.1031
2.421,0.1954,0.0010,0.0000,0.1147
2.475,0.1454,0.0009,0.0000,0.1022
2.526,0.1656,0.0009,0.0000,0.2750
2.577,0.1672,0.0017,0.0265,0.3389
2.627,0.0966,0.0016,0.0000,0.2451
2.677,0.0699,0.0015,0.0000,0.1845
2.727,0.0790,0.0015,0.0000,0.1045
2.778,0.0754,0.0014,0.0000,0.1397
2.828,0.0603,0.0014,0.0000,0.1219
2.879,0.0528,0.0013,0.0000,0.0277
2.929,0.0661,0.0012,0.0000,0.0000
2.979,0.0769,0.0012,0.0000,0.0046
3.029,0.0848,0.0011,0.0000,0.2544
3.080,0.1732,0.0011,0.0000,0.2366
3.131,0.3247,0.0011,0.0000,0.2320
3.181,0.2652,0.0010,0.0000,0.1872
3.231,0.2644,0.0010,0.0000,0.1849
3.281,0.3204,0.0009,0.0000,0.2257
3.331,0.2754,0.0009,0.0000,0.2069
3.381,0.2230,0.0009,0.0000,0.2631
3.431,0.2014,0.0008,0.0000,0.2406
3.481,0.1990,0.0040,0.1057,0.3807
3.531,0.1822,0.0090,0.1712,0.4052
3.582,0.1675,0.0099,0.0021,0.3107
3.632,0.1711,0.0096,0.0000,0.2487
3.684,0.1454,0.0091,0.0000,0.2582
3.734,0.1106,0.0092,0.0129,0.3269
3.784,0.0971,0.0090,0.0026,0.3118
3.834,0.1846,0.0085,0.0000,0.2598
3.884,0.1877,0.0082,0.0000,0.2254
3.934,0.1824,0.0080,0.0000,0.2845
3.984,0.2254,0.0197,0.1591,0.4010
4.034,0.2898,0.0210,0.0633,0.3613
4.084,0.2597,0.0208,0.0145,0.3285
4.134,0.1858,0.0196,0.0000,0.2415
4.185,0.3184,0.0195,0.0177,0.3315
4.238,0.5035,0.0198,0.0275,0.3396
4.285,0.2940,0.0186,0.0000,0.2724
4.337,0.2699,0.0180,0.0000,0.2300
4.387,0.2557,0.0171,0.0033,0.3135
4.437,0.2029,0.0200,0.1155,0.3847
4.487,0.1448,0.0204,0.0319,0.3428
4.537,0.0869,0.0192,0.0000,0.2359
4.587,0.0843,0.0186,0.0000,0.1628
4.638,0.0592,0.0175,0.0000,0.2633
4.689,0.0452,0.0170,0.0000,0.2769
4.739,0.0443,0.0165,0.0000,0.2360
4.789,0.0685,0.0155,0.0000,0.2382
4.839,0.0685,0.0150,0.0000,0.2045
4.889,0.0607,0.0146,0.0000,0.1882
4.939,0.2136,0.0137,0.0000,0.1738
4.989,0.2341,0.0133,0.0000,0.1684
5.041,0.2210,0.0129,0.0000,0.1645
5.089,0.2098,0.0121,0.0000,0.1487
5.141,0.2629,0.0118,0.0000,0.2075
5.191,0.2000,0.0111,0.0000,0.1164
5.241,0.1782,0.0107,0.0000,0.1948
5.291,0.1680,0.0104,0.0000,0.1777
5.343,0.1310,0.0098,0.0000,0.2269
5.393,0.1021,0.0095,0.0000,0.2268
5.443,0.0756,0.0092,0.0000,0.1740
5.493,0.0890,0.0087,0.0000,0.0852
5.543,0.0954,0.0084,0.0000,0.0202
5.593,0.0901,0.0082,0.0000,0.1074
5.644,0.0807,0.0077,0.0000,0.1814
5.694,0.1010,0.0075,0.0000,0.1434
5.744,0.1044,0.0072,0.0000,0.0862
5.794,0.0971,0.0068,0.0000,0.0056
5.845,0.0979,0.0066,0.0000,0.0501
5.896,0.2078,0.0062,0.0000,0.0327
5.946,0.1583,0.0060,0.0000,0.0154
5.996,0.1358,0.0058,0.0000,0.0000
6.046,0.2152,0.0055,0.0000,0.0525
6.096,0.2669,0.0053,0.0000,0.0552
6.146,0.2359,0.0052,0.0000,0.0000
6.197,0.1956,0.0049,0.0000,0.0685
6.248,0.2442,0.0047,0.0000,0.0569
6.298,0.1677,0.0044,0.0000,0.2261
6.348,0.1207,0.0043,0.0000,0.1955
6.399,0.0976,0.0042,0.0000,0.1472
6.449,0.1677,0.0039,0.0000,0.0266
6.499,0.1563,0.0038,0.0000,0.0000
6.549,0.1268,0.0037,0.0000,0.0992
6.599,0.0877,0.0035,0.0000,0.0243
6.649,0.0824,0.0034,0.0000,0.0000
6.699,0.0672,0.0033,0.0000,0.0000
6.749,0.0558,0.0031,0.0000,0.0000
6.800,0.3455,0.0030,0.0000,0.0046
6.854,0.2600,0.0028,0.0000,0.0518
6.904,0.2422,0.0027,0.0000,0.0571
6.954,0.2412,0.0026,0.0000,0.0400
7.004,0.2380,0.0025,0.0000,0.1208
7.054,0.2016,0.0024,0.0000,0.0675
7.105,0.1692,0.0023,0.0000,0.0928
7.156,0.1923,0.0022,0.0000,0.1363
7.206,0.1830,0.0021,0.0000,0.1664
7.256,0.1272,0.0021,0.0000,0.2528
7.306,0.0848,0.0020,0.0000,0.1781
7.356,0.1488,0.0019,0.0000,0.1553
7.408,0.1829,0.0018,0.0000,0.0270
7.458,0.1759,0.0017,0.0000,0.1726
7.508,0.1667,0.0017,0.0000,0.2436
7.558,0.2391,0.0016,0.0000,0.1792
7.608,0.2184,0.0015,0.0000,0.1273
7.658,0.1652,0.0015,0.0000,0.0497
7.708,0.1859,0.0014,0.0000,0.0724
7.758,0.2374,0.0014,0.0000,0.0816
7.808,0.1412,0.0013,0.0000,0.0546
7.858,0.1192,0.0012,0.0000,0.0018
7.908,0.1135,0.0012,0.0000,0.0000
7.959,0.1711,0.0011,0.0000,0.1539
8.009,0.1420,0.0011,0.0000,0.1384
8.060,0.0847,0.0010,0.0000,0.0613
8.110,0.1012,0.0010,0.0000,0.0000
8.160,0.0803,0.0010,0.0000,0.1224
8.210,0.0613,0.0009,0.0000,0.1605
8.260,0.0558,0.0009,0.0000,0.1002
8.311,0.2114,0.0008,0.0000,0.0008
8.362,0.2050,0.0008,0.0000,0.0000
8.412,0.2027,0.0008,0.0000,0.0709
8.463,0.2022,0.0007,0.0000,0.0469
8.513,0.1894,0.0007,0.0000,0.0250
8.563,0.1316,0.0007,0.0000,0.0000
8.613,0.1097,0.0007,0.0000,0.0878
8.663,0.5897,0.0047,0.1356,0.3925
8.714,0.3686,0.0483,0.8386,0.5982
8.764,0.3272,0.0752,0.9467,0.6440
8.814,0.2864,0.1029,0.9994,0.6945
8.864,0.3359,0.1560,1.0000,0.7919
8.914,0.2993,0.1813,1.0000,0.7981
8.966,0.2630,0.2297,1.0000,0.7782
9.016,0.2654,0.2528,1.0000,0.8230
9.066,0.2435,0.2752,1.0000,0.7939
9.116,0.1805,0.3180,1.0000,0.8840
9.166,0.1669,0.3385,1.0000,0.8980
9.216,0.1877,0.3583,1.0000,0.8881
9.266,0.1916,0.3963,1.0000,0.8545
9.316,0.1705,0.4144,1.0000,0.8303
9.367,0.1672,0.4490,1.0000,0.8556
9.418,0.1958,0.4655,1.0000,0.8540
9.468,0.2072,0.4815,1.0000,0.8558
9.518,0.2112,0.5122,1.0000,0.8138
9.568,0.2337,0.5268,1.0000,0.8433
9.619,0.3260,0.5410,1.0000,0.9004
9.669,0.3165,0.5681,1.0000,0.9050
9.720,0.2983,0.5811,1.0000,0.9157
9.770,0.2927,0.6059,1.0000,0.9354
9.821,0.2465,0.6177,1.0000,0.9351
9.871,0.2022,0.6292,1.0000,0.9206
9.921,0.1437,0.6511,1.0000,0.8712
9.972,0.1885,0.6615,1.0000,0.8854
10.026,0.2139,0.6815,1.0000,0.9126
10.077,0.1999,0.6911,1.0000,0.9383
10.127,0.2021,0.7004,1.0000,0.9298
10.178,0.2367,0.7181,1.0000,0.9277
10.228,0.2250,0.7265,1.0000,0.9203
10.278,0.2183,0.7347,1.0000,0.9182
10.328,0.2588,0.7504,1.0000,0.8573
10.379,0.2450,0.7579,1.0000,0.8129
10.431,0.2252,0.7652,1.0000,0.8507
10.479,0.2009,0.7790,1.0000,0.8073
10.529,0.4046,0.7857,1.0000,0.8756
10.579,0.3024,0.7983,1.0000,0.9108
10.630,0.2905,0.8044,1.0000,0.9035
10.680,0.2795,0.8103,1.0000,0.8981
10.730,0.2779,0.8215,1.0000,0.8820
10.780,0.1986,0.8268,1.0000,0.8729
10.833,0.1247,0.8371,1.0000,0.8097
10.883,0.1848,0.8419,1.0000,0.8471
10.933,0.2352,0.8467,1.0000,0.8606
10.983,0.2048,0.8557,1.0000,0.8906
11.033,0.1974,0.8601,1.0000,0.9073
11.083,0.2732,0.8643,1.0000,0.9037
11.133,0.2529,0.8723,1.0000,0.8812
11.183,0.2241,0.8761,1.0000,0.8623
11.233,0.2001,0.8798,1.0000,0.8671
11.284,0.2787,0.8869,1.0000,0.8688
11.336,0.2732,0.8903,1.0000,0.8563
11.386,0.2444,0.8968,1.0000,0.8197
11.436,0.2688,0.8999,1.0000,0.8278
11.486,0.2940,0.9029,1.0000,0.8884
11.536,0.2186,0.9087,1.0000,0.8922
11.586,0.2009,0.9114,1.0000,0.8842
11.637,0.2180,0.9141,1.0000,0.8620
11.688,0.1935,0.9191,1.0000,0.8380
11.738,0.1710,0.9216,1.0000,0.8294
11.789,0.1990,0.9262,1.0000,0.7850
11.840,0.2226,0.9284,1.0000,0.7918
11.890,0.2247,0.9306,1.0000,0.7894
11.940,0.2171,0.9347,1.0000,0.8718
11.990,0.2444,0.9366,1.0000,0.8770
12.040,0.3064,0.9385,1.0000,0.8667
12.090,0.2499,0.9422,1.0000,0.8638
12.141,0.2363,0.9439,1.0000,0.8562
12.191,0.2745,0.9456,1.0000,0.8351
12.242,0.2499,0.9488,1.0000,0.7773
12.292,0.2078,0.9503,1.0000,0.8043
12.342,0.1892,0.9518,1.0000,0.7817
12.392,0.1820,0.9547,1.0000,0.8424
12.443,0.1337,0.9560,1.0000,0.8656
12.494,0.0820,0.9586,1.0000,0.8676
12.545,0.1183,0.9599,1.0000,0.8724
12.595,0.2010,0.9611,1.0000,0.8887
12.645,0.2174,0.9634,1.0000,0.8767
12.695,0.2140,0.9645,1.0000,0.8400
12.745,0.2545,0.9655,1.0000,0.8311
12.795,0.2624,0.9676,1.0000,0.8320
12.845,0.2510,0.9685,1.0000,0.8432
12.896,0.2460,0.9695,1.0000,0.8901
12.946,0.3408,0.9713,1.0000,0.8746
12.997,0.2975,0.9722,1.0000,0.8685
13.047,0.2716,0.9730,1.0000,0.8389
13.098,0.3161,0.9746,1.0000,0.8306
13.148,0.3239,0.9753,1.0000,0.8271
13.200,0.2268,0.9768,1.0000,0.8174
13.251,0.2084,0.9775,1.0000,0.7970
13.301,0.2004,0.9782,1.0000,0.7448
13.352,0.1149,0.9795,1.0000,0.8485
13.403,0.0884,0.9801,1.0000,0.8504
13.453,0.0733,0.9807,1.0000,0.8466
13.503,0.1983,0.9818,1.0000,0.8746
13.553,0.2312,0.9824,1.0000,0.8822
13.603,0.2401,0.9829,1.0000,0.8753
13.654,0.2502,0.9839,1.0000,0.8192
13.704,0.2537,0.9844,1.0000,0.8446
13.758,0.2081,0.9849,1.0000,0.8423
13.804,0.1458,0.9858,1.0000,0.8827
13.854,0.2092,0.9862,1.0000,0.8902
13.904,0.2461,0.9866,1.0000,0.8737
13.955,0.2506,0.9874,1.0000,0.8675
14.005,0.2433,0.9878,1.0000,0.8592
14.059,0.3519,0.9885,1.0000,0.8065
14.109,0.3095,0.9888,1.0000,0.7404
14.159,0.2719,0.9892,1.0000,0.7771
14.209,0.2071,0.9898,1.0000,0.7415
14.259,0.1748,0.9901,1.0000,0.7997
14.309,0.1367,0.9904,1.0000,0.8429
14.359,0.0837,0.9910,1.0000,0.8413
14.409,0.1736,0.9912,1.0000,0.8528
14.460,0.2350,0.9915,1.0000,0.8572
14.510,0.2484,0.9920,1.0000,0.8535
14.560,0.2455,0.9923,1.0000,0.8285
14.610,0.2638,0.9925,1.0000,0.7949
14.660,0.1950,0.9929,1.0000,0.8292
14.711,0.1281,0.9931,1.0000,0.7957
14.765,0.0731,0.9933,1.0000,0.8526
14.812,0.2676,0.9937,1.0000,0.8599
14.862,0.3153,0.9939,1.0000,0.8466
14.915,0.2780,0.9943,1.0000,0.7914
14.966,0.3916,0.9945,1.0000,0.8007
15.016,0.3502,0.9946,1.0000,0.8001
15.066,0.2573,0.9949,1.0000,0.7820
15.117,0.2367,0.9951,1.0000,0.7685
15.170,0.2170,0.9952,1.0000,0.7357
15.218,0.1247,0.9955,1.0000,0.8214
15.269,0.0948,0.9957,1.0000,0.8346
15.320,0.0858,0.9959,1.0000,0.8256
15.370,0.1192,0.9960,1.0000,0.8194
15.420,0.1324,0.9962,1.0000,0.8239
15.470,0.1341,0.9964,1.0000,0.8093
15.520,0.1554,0.9965,1.0000,0.7379
15.570,0.1591,0.9966,1.0000,0.7768
15.620,0.0956,0.9968,1.0000,0.7944
15.670,0.0690,0.9969,1.0000,0.8314
15.720,0.1089,0.9970,1.0000,0.8543
15.770,0.2597,0.9972,1.0000,0.8389
15.820,0.2617,0.9972,1.0000,0.8452
15.871,0.2690,0.9974,1.0000,0.8458
15.922,0.3178,0.9975,1.0000,0.8365
15.973,0.2603,0.9976,1.0000,0.7361
16.023,0.2167,0.9977,1.0000,0.7641
16.072,0.2197,0.9978,1.0000,0.7903
16.123,0.2677,0.9979,1.0000,0.7760
16.173,0.2301,0.9980,1.0000,0.8260
16.224,0.2033,0.9981,1.0000,0.8292
16.274,0.2698,0.9981,1.0000,0.8195
16.325,0.2982,0.9982,1.0000,0.7956
16.376,0.1681,0.9983,1.0000,0.7743
16.426,0.1431,0.9984,1.0000,0.7601
16.476,0.1516,0.9985,1.0000,0.7302
16.526,0.1112,0.9985,1.0000,0.7600
16.576,0.0931,0.9985,0.9998,0.6971
16.627,0.1514,0.9986,1.0000,0.7970
16.677,0.3060,0.9987,1.0000,0.8057
16.727,0.2420,0.9987,1.0000,0.8016
16.777,0.2248,0.9988,1.0000,0.8020
16.827,0.2659,0.9988,1.0000,0.7767
16.877,0.2502,0.9989,1.0000,0.7828
16.927,0.1858,0.9989,1.0000,0.7810
16.977,0.1307,0.9990,1.0000,0.7672
17.027,0.1379,0.9990,1.0000,0.7280
17.077,0.1258,0.9990,1.0000,0.7701
17.127,0.0800,0.9991,1.0000,0.8275
17.178,0.0690,0.9991,1.0000,0.8196
17.228,0.1786,0.9992,1.0000,0.7848
17.278,0.1749,0.9992,1.0000,0.7559
17.328,0.1752,0.9992,1.0000,0.7512
17.378,0.2030,0.9993,1.0000,0.7073
17.428,0.2089,0.9993,1.0000,0.7291
17.480,0.1898,0.9993,1.0000,0.7422
17.530,0.1827,0.9994,1.0000,0.7585
17.581,0.3397,0.9994,1.0000,0.8105
17.631,0.3106,0.9994,1.0000,0.8070
17.680,0.2454,0.9994,1.0000,0.8039
17.731,0.2244,0.9995,1.0000,0.7974
17.782,0.2422,0.9995,1.0000,0.7876
17.832,0.2425,0.9995,1.0000,0.7554
17.882,0.2010,0.9994,1.0000,0.7120
17.932,0.2103,0.9995,1.0000,0.7278
17.985,0.2043,0.9991,1.0000,0.7082
18.035,0.1732,0.9992,1.0000,0.7686
18.085,0.1616,0.9992,1.0000,0.7797
18.135,0.2846,0.9992,1.0000,0.7743
18.185,0.2722,0.9993,1.0000,0.7671
18.235,0.2356,0.9993,1.0000,0.7640
18.285,0.2107,0.9993,1.0000,0.7457
18.335,0.2229,0.9993,0.9990,0.6926
18.388,0.1622,0.9994,1.0000,0.7498
18.438,0.1255,0.9994,0.9996,0.6952
18.489,0.1993,0.9994,1.0000,0.7457
18.539,0.3302,0.9994,1.0000,0.7943
18.589,0.2838,0.9994,1.0000,0.7856
18.640,0.2579,0.9994,1.0000,0.7944
18.690,0.2954,0.9995,1.0000,0.7814
18.740,0.2765,0.9995,1.0000,0.7825
18.791,0.2056,0.9995,1.0000,0.7758
18.841,0.2144,0.9995,1.0000,0.7639
18.891,0.2498,0.9996,1.0000,0.7456
18.941,0.1875,0.9994,1.0000,0.7419
18.991,0.1490,0.9994,1.0000,0.7840
19.045,0.1205,0.9994,1.0000,0.7920
19.091,0.2176,0.9995,1.0000,0.7831
19.141,0.2322,0.9995,1.0000,0.7901
19.191,0.2250,0.9995,1.0000,0.7826
19.241,0.2609,0.9995,1.0000,0.7479
19.291,0.2661,0.9995,1.0000,0.7176
19.341,0.2005,0.9996,1.0000,0.7569
19.390,0.1902,0.9996,1.0000,0.7582
19.441,0.2826,0.9996,1.0000,0.8043
19.491,0.3081,0.9996,1.0000,0.8038
19.541,0.2920,0.9996,1.0000,0.7920
19.595,0.2834,0.9996,1.0000,0.7893
19.641,0.2944,0.9997,1.0000,0.7786
19.690,0.2375,0.9997,1.0000,0.7521
19.742,0.1675,0.9996,0.9986,0.6913
19.792,0.1927,0.9997,1.0000,0.7258
19.842,0.2403,0.9997,1.0000,0.7041
19.892,0.2261,0.9997,1.0000,0.7598
19.942,0.2186,0.9997,1.0000,0.7814
19.993,0.2486,0.9997,1.0000,0.7733
20.043,0.2512,0.9997,1.0000,0.7885
20.094,0.2363,0.9997,1.0000,0.8053
20.144,0.2212,0.9997,1.0000,0.8057
20.195,0.2710,0.9997,1.0000,0.7306
20.245,0.2471,0.9997,1.0000,0.7452
20.295,0.2059,0.9997,1.0000,0.7740
20.345,0.2940,0.9998,1.0000,0.7746
20.396,0.4540,0.9998,1.0000,0.8180
20.446,0.3371,0.9998,1.0000,0.8183
20.496,0.2941,0.9998,1.0000,0.7982
20.546,0.3128,0.9998,1.0000,0.7774
20.601,0.3088,0.9998,1.0000,0.7808
20.647,0.1433,0.9998,1.0000,0.7663
20.698,0.1054,0.9998,1.0000,0.7556
20.748,0.1523,0.9998,1.0000,0.7103
20.798,0.1429,0.9998,1.0000,0.6994
20.848,0.1293,0.9998,1.0000,0.7658
20.899,0.1805,0.9998,1.0000,0.7807
20.949,0.2153,0.9999,1.0000,0.7846
21.000,0.2033,0.9999,1.0000,0.7910
21.050,0.1829,0.9999,1.0000,0.8044
21.101,0.2310,0.9999,1.0000,0.7866
21.151,0.2460,0.9999,1.0000,0.7264
21.201,0.1889,0.9999,1.0000,0.7468
21.251,0.1712,0.9999,1.0000,0.7462
21.301,0.2536,0.9999,1.0000,0.7861
21.352,0.2894,0.9999,1.0000,0.8043
21.402,0.2748,0.9999,1.0000,0.7883
21.453,0.2720,0.9999,1.0000,0.7871
21.503,0.3239,0.9999,1.0000,0.7792
21.553,0.2584,0.9999,1.0000,0.7685
21.609,0.2231,0.9999,1.0000,0.7345
21.655,0.2205,0.9999,1.0000,0.7287
21.705,0.2399,0.9999,1.0000,0.7383
21.757,0.2103,0.9999,1.0000,0.7608
21.807,0.2035,0.9999,1.0000,0.7890
21.858,0.2603,0.9999,1.0000,0.7849
21.909,0.2348,0.9999,1.0000,0.7936
21.959,0.2146,0.9999,1.0000,0.8112
22.009,0.2026,0.9999,1.0000,0.8082
22.060,0.2631,0.9999,1.0000,0.7477
22.111,0.2508,0.9999,1.0000,0.7327
22.164,0.2286,0.9999,1.0000,0.7286
22.214,0.2405,0.9999,1.0000,0.7539
22.265,0.2310,0.9999,1.0000,0.7980
22.316,0.0906,0.9999,1.0000,0.7848
22.366,0.0633,0.9999,1.0000,0.7719
22.418,0.1340,0.9999,1.0000,0.7105
22.468,0.1502,0.9999,1.0000,0.7115
22.518,0.1497,0.9999,1.0000,0.7263
22.569,0.2501,0.9999,1.0000,0.7145
22.619,0.3051,0.9999,0.9999,0.6981
22.669,0.3141,0.9992,0.9749,0.6622
22.719,0.2922,0.9992,1.0000,0.7493
22.769,0.3477,0.9993,1.0000,0.7602
22.819,0.3322,0.9993,1.0000,0.7509
22.869,0.2311,0.9993,1.0000,0.7695
22.920,0.2149,0.9993,1.0000,0.7800
22.970,0.2988,0.9994,1.0000,0.7687
23.020,0.2775,0.9994,1.0000,0.7097
23.070,0.2574,0.9994,1.0000,0.7431
23.125,0.2392,0.9994,1.0000,0.7405
23.171,0.2634,0.9995,1.0000,0.7803
23.221,0.1980,0.9995,1.0000,0.7905
23.272,0.1418,0.9995,1.0000,0.7730
23.323,0.1766,0.9995,1.0000,0.7705
23.374,0.2746,0.9995,1.0000,0.7603
23.424,0.1983,0.9996,1.0000,0.7259
23.475,0.1859,0.9991,0.9843,0.6703
23.530,0.2403,0.9985,0.9786,0.6652
23.575,0.2776,0.9983,0.9910,0.6777
23.625,0.2503,0.9976,0.9749,0.6622
23.676,0.2425,0.9978,1.0000,0.7451
23.726,0.2685,0.9978,1.0000,0.7401
23.776,0.2238,0.9979,1.0000,0.7346
23.826,0.1702,0.9980,1.0000,0.7028
23.877,0.1765,0.9981,1.0000,0.7045
23.927,0.2766,0.9981,0.9997,0.6958
23.977,0.2569,0.9964,0.9731,0.6608
24.027,0.2353,0.9965,0.9998,0.6968
24.077,0.2251,0.9965,0.9963,0.6859
24.127,0.1418,0.9967,1.0000,0.7497
24.177,0.0847,0.9968,1.0000,0.7558
24.230,0.0767,0.9970,1.0000,0.7374
24.281,0.1417,0.9971,1.0000,0.7265
24.332,0.1842,0.9972,1.0000,0.7059
24.382,0.1907,0.9973,1.0000,0.7079
24.432,0.2390,0.9974,1.0000,0.7023
24.482,0.2459,0.9973,0.9944,0.6825
24.532,0.1824,0.9945,0.9177,0.6295
24.582,0.1715,0.9947,0.9997,0.6962
24.632,0.2018,0.9948,1.0000,0.7257
24.682,0.2336,0.9951,1.0000,0.7165
24.732,0.2175,0.9953,1.0000,0.7012
24.783,0.2084,0.9951,0.9892,0.6755
24.834,0.2954,0.9946,0.9861,0.6721
24.884,0.2659,0.9931,0.9418,0.6414
24.935,0.2093,0.9894,0.9633,0.6539
24.985,0.2200,0.9890,0.9753,0.6625
25.035,0.2382,0.9889,0.9858,0.6719
25.085,0.1626,0.9896,1.0000,0.7372
25.136,0.1435,0.9899,1.0000,0.7285
25.186,0.1420,0.9902,1.0000,0.7302
25.236,0.1831,0.9908,1.0000,0.7121
25.287,0.1694,0.9910,1.0000,0.7026
25.341,0.1539,0.9879,0.8895,0.6173
25.391,0.1556,0.9860,0.9224,0.6317
25.441,0.1314,0.9855,0.9695,0.6582
25.491,0.0567,0.9797,0.9287,0.6347
25.543,0.1076,0.9803,0.9999,0.6976
25.595,0.2937,0.9815,1.0000,0.7057
25.646,0.2710,0.9821,1.0000,0.7012
25.696,0.2557,0.9823,0.9914,0.6782
25.746,0.2889,0.9806,0.9462,0.6437
25.796,0.2817,0.9792,0.9321,0.6364
25.849,0.2301,0.9693,0.8319,0.5958
25.899,0.2213,0.9682,0.9335,0.6370
25.949,0.2897,0.9662,0.9010,0.6221
25.999,0.2374,0.9673,1.0000,0.7131
26.050,0.2102,0.9683,1.0000,0.7208
26.102,0.2421,0.9701,1.0000,0.7200
26.152,0.2267,0.9710,1.0000,0.7301
26.202,0.1805,0.9719,1.0000,0.7034
26.253,0.1248,0.9736,1.0000,0.7037
26.303,0.1973,0.9743,0.9994,0.6942
26.352,0.2285,0.9748,0.9744,0.6618
26.403,0.2188,0.9724,0.8940,0.6192
26.453,0.2105,0.9723,0.9690,0.6578
26.503,0.3016,0.9739,1.0000,0.7151
26.553,0.2953,0.9747,1.0000,0.7050
26.603,0.2617,0.9755,1.0000,0.7000
26.653,0.2520,0.9763,0.9840,0.6700
26.703,0.2601,0.9766,0.9876,0.6737
26.754,0.1694,0.9726,0.8510,0.6026
26.804,0.1488,0.9717,0.9417,0.6413
26.854,0.1821,0.9717,0.9704,0.6588
26.904,0.2362,0.9725,0.9999,0.6976
26.954,0.2050,0.9733,1.0000,0.7246
27.004,0.1876,0.9741,1.0000,0.7255
27.054,0.2750,0.9756,1.0000,0.7156
27.104,0.2923,0.9764,1.0000,0.7158
27.154,0.2558,0.9778,1.0000,0.7069
27.204,0.2527,0.9782,0.9922,0.6793
27.254,0.2544,0.9746,0.8586,0.6054
27.304,0.1719,0.9731,0.9707,0.6590
27.354,0.1374,0.9710,0.9011,0.6221
27.407,0.1108,0.9713,0.9841,0.6702
27.454,0.1888,0.9730,1.0000,0.7086
27.504,0.1665,0.9739,1.0000,0.7043
27.554,0.1196,0.9754,1.0000,0.7169
27.604,0.2549,0.9761,1.0000,0.7221
27.654,0.3178,0.9769,1.0000,0.7095
27.705,0.2620,0.9762,0.9345,0.6376
27.755,0.2489,0.9764,0.9844,0.6704
27.805,0.2715,0.9762,0.9498,0.6458
27.855,0.2088,0.9770,1.0000,0.7022
27.905,0.1827,0.9776,1.0000,0.7278
27.957,0.2152,0.9790,1.0000,0.7131
28.007,0.3230,0.9796,1.0000,0.7197
28.057,0.2899,0.9808,1.0000,0.7001
28.107,0.2750,0.9814,1.0000,0.7073
28.157,0.2665,0.9819,1.0000,0.7063
28.208,0.2528,0.9829,0.9967,0.6866
28.258,0.2170,0.9831,0.9881,0.6742
28.308,0.1869,0.9804,0.9792,0.6657
28.358,0.3197,0.9810,1.0000,0.7120
28.408,0.3193,0.9816,1.0000,0.7159
28.458,0.2873,0.9827,1.0000,0.7105
28.508,0.2976,0.9832,1.0000,0.7242
28.561,0.3352,0.9837,1.0000,0.7294
28.608,0.2839,0.9846,0.9998,0.6970
28.658,0.2639,0.9834,0.9419,0.6414
28.709,0.2771,0.9840,0.9963,0.6858
28.760,0.2586,0.9841,0.9884,0.6746
28.813,0.2237,0.9846,1.0000,0.7109
28.860,0.1725,0.9855,1.0000,0.7285
28.910,0.2004,0.9859,1.0000,0.7163
28.960,0.2447,0.9868,1.0000,0.7207
29.010,0.2369,0.9872,1.0000,0.7108
29.061,0.2319,0.9875,0.9984,0.6906
29.111,0.2803,0.9838,0.8900,0.6175
29.162,0.2426,0.9836,0.9750,0.6623
29.214,0.1701,0.9807,0.8988,0.6212
29.264,0.2456,0.9811,0.9946,0.6829
29.314,0.3129,0.9817,1.0000,0.7123
29.364,0.3148,0.9827,1.0000,0.7043
29.414,0.2982,0.9833,1.0000,0.7140
29.464,0.3110,0.9838,1.0000,0.7226
29.514,0.2816,0.9847,1.0000,0.7168
29.564,0.1698,0.9851,0.9986,0.6912
29.617,0.1637,0.9842,0.9919,0.6788
29.668,0.2417,0.9844,0.9914,0.6781
29.718,0.2546,0.9845,0.9877,0.6738
29.768,0.2501,0.9854,1.0000,0.7363
29.819,0.3039,0.9858,1.0000,0.7253
29.871,0.2680,0.9866,0.9989,0.6923
29.922,0.2380,0.9864,0.9771,0.6640
29.973,0.2152,0.9860,0.9757,0.6628
30.024,0.2486,0.9847,0.9620,0.6531
30.074,0.2349,0.9837,0.9509,0.6464
30.125,0.1929,0.9792,0.8864,0.6161
30.177,0.2293,0.9749,0.8336,0.5964
30.227,0.2928,0.9749,0.9763,0.6633
30.278,0.2817,0.9761,0.9954,0.6841
30.328,0.2695,0.9767,0.9962,0.6856
30.378,0.2680,0.9774,0.9987,0.6916
30.428,0.2903,0.9787,1.0000,0.7103
30.478,0.2472,0.9793,0.9992,0.6935
30.530,0.2059,0.9785,0.9711,0.6593
30.581,0.2498,0.9786,0.9834,0.6695
30.632,0.2605,0.9785,0.9764,0.6634
30.682,0.2361,0.9798,1.0000,0.7242
30.732,0.2315,0.9804,1.0000,0.7236
30.782,0.2672,0.9810,1.0000,0.7076
30.832,0.2163,0.9821,1.0000,0.7062
30.882,0.1980,0.9826,0.9998,0.6963
30.935,0.2435,0.9817,0.9439,0.6425
30.986,0.2455,0.9763,0.7994,0.5850
31.037,0.2345,0.9740,0.8997,0.6215
31.088,0.2107,0.9667,0.7818,0.5793
31.138,0.3098,0.9657,0.9332,0.6369
31.188,0.2824,0.9674,0.9969,0.6869
31.237,0.2618,0.9682,0.9914,0.6782
31.288,0.2482,0.9690,0.9946,0.6828
31.339,0.2929,0.9704,0.9948,0.6831
31.389,0.2316,0.9709,0.9863,0.6723
31.439,0.2055,0.9708,0.9679,0.6571
31.489,0.2231,0.9675,0.9472,0.6443
31.539,0.2812,0.9677,0.9769,0.6638
31.589,0.2553,0.9653,0.8848,0.6154
31.639,0.2333,0.9670,1.0000,0.7017
31.689,0.2671,0.9679,1.0000,0.6991
31.742,0.2675,0.9688,0.9971,0.6874
31.789,0.1729,0.9682,0.9397,0.6402
31.839,0.1552,0.9671,0.9334,0.6370
31.890,0.3101,0.9654,0.9348,0.6377
31.941,0.2762,0.9639,0.9159,0.6287
31.992,0.2608,0.9613,0.8756,0.6118
32.043,0.2561,0.9503,0.7155,0.5592
32.093,0.2408,0.9492,0.9139,0.6278
32.146,0.1871,0.9499,0.9726,0.6605
32.193,0.0863,0.9511,0.9692,0.6579
32.243,0.1553,0.9515,0.9637,0.6542
32.294,0.2569,0.9513,0.9464,0.6438
32.344,0.2565,0.9508,0.9338,0.6372
32.395,0.2484,0.9487,0.8813,0.6140
32.446,0.3244,0.9445,0.9229,0.6319
32.497,0.3094,0.9443,0.9383,0.6395
32.551,0.2638,0.9467,0.9999,0.6982
32.601,0.2680,0.9483,0.9997,0.6957
32.651,0.2684,0.9497,0.9953,0.6839
32.702,0.1950,0.9526,0.9997,0.6960
32.752,0.1582,0.9540,0.9994,0.6941
32.806,0.2570,0.9557,0.9727,0.6605
32.856,0.2656,0.9518,0.8255,0.5937
32.907,0.2499,0.9508,0.9157,0.6286
32.957,0.2363,0.9472,0.8241,0.5932
33.007,0.2502,0.9468,0.9340,0.6373
33.058,0.2157,0.9482,0.9941,0.6820
33.108,0.0953,0.9508,0.9884,0.6746
33.159,0.0667,0.9516,0.9793,0.6658
33.210,0.1987,0.9497,0.8963,0.6201
33.260,0.2033,0.9479,0.8894,0.6173
33.310,0.2022,0.9455,0.8651,0.6078
33.360,0.2322,0.9328,0.7859,0.5806
33.410,0.2392,0.9310,0.8714,0.6102
33.461,0.1784,0.9242,0.8653,0.6079
33.511,0.1515,0.9255,0.9683,0.6573
33.561,0.2246,0.9270,0.9762,0.6632
33.613,0.2285,0.9295,0.9727,0.6605
33.663,0.2067,0.9310,0.9819,0.6681
33.716,0.3447,0.9321,0.9518,0.6469
33.766,0.4004,0.9330,0.9622,0.6533
33.816,0.2952,0.9333,0.9439,0.6425
33.867,0.2544,0.9327,0.9111,0.6265
33.917,0.2431,0.9275,0.7608,0.5728
33.971,0.2161,0.9272,0.9159,0.6286
34.018,0.1217,0.9308,0.9928,0.6800
34.068,0.0861,0.9324,0.9833,0.6693
34.118,0.1821,0.9333,0.9265,0.6336
34.169,0.1799,0.9317,0.8790,0.6131
34.219,0.1712,0.9300,0.8753,0.6117
34.269,0.1799,0.9203,0.7493,0.5692
34.319,0.1937,0.9184,0.8556,0.6043
34.369,0.1630,0.9168,0.8663,0.6082
34.419,0.1136,0.9179,0.9816,0.6678
34.469,0.1358,0.9201,0.9900,0.6765
34.519,0.1939,0.9220,0.9843,0.6703
34.569,0.1851,0.9255,0.9802,0.6665
34.619,0.1773,0.9268,0.9672,0.6566
34.669,0.2799,0.9278,0.9594,0.6514
34.720,0.3005,0.9213,0.7267,0.5625
34.770,0.2620,0.9168,0.7733,0.5766
34.821,0.2601,0.9095,0.7298,0.5634
34.872,0.2505,0.9057,0.7820,0.5794
34.923,0.1933,0.9069,0.9475,0.6445
34.974,0.1460,0.9108,0.9689,0.6578
35.025,0.1596,0.9124,0.9624,0.6534
35.075,0.1733,0.9143,0.9400,0.6404
35.125,0.1446,0.9151,0.9384,0.6395
35.175,0.1316,0.9154,0.9249,0.6328
35.226,0.1495,0.9084,0.8049,0.5868
35.276,0.1407,0.9089,0.9220,0.6315
35.329,0.0714,0.9090,0.9250,0.6329
35.379,0.1410,0.9116,0.9964,0.6859
35.429,0.2871,0.9142,0.9999,0.6983
35.479,0.2770,0.9191,0.9974,0.6881
35.529,0.2600,0.9215,0.9978,0.6891
35.579,0.2531,0.9235,0.9881,0.6742
35.628,0.3408,0.9274,0.9894,0.6757
35.680,0.2965,0.9286,0.9661,0.6558
35.731,0.2652,0.9293,0.9274,0.6340
35.781,0.2843,0.9261,0.8240,0.5931
35.832,0.2667,0.9248,0.8813,0.6141
35.882,0.2047,0.9282,0.9868,0.6729
35.932,0.1885,0.9297,0.9780,0.6647
35.985,0.2285,0.9329,0.9858,0.6718
36.035,0.2178,0.9346,0.9878,0.6739
36.085,0.1996,0.9359,0.9793,0.6658
36.135,0.2123,0.9335,0.8425,0.5995
36.185,0.1932,0.9330,0.9172,0.6293
36.236,0.1528,0.9326,0.9208,0.6309
36.286,0.1082,0.9337,0.9887,0.6749
36.336,0.2210,0.9357,1.0000,0.6984
36.386,0.2599,0.9375,0.9979,0.6893
36.436,0.2331,0.9407,0.9907,0.6774
36.487,0.2169,0.9420,0.9825,0.6686
36.538,0.2443,0.9427,0.9333,0.6370
36.588,0.2013,0.9386,0.8070,0.5874
36.638,0.1852,0.9332,0.7572,0.5716
36.689,0.1942,0.9270,0.8084,0.5879
36.739,0.1978,0.9235,0.8101,0.5884
36.789,0.1818,0.9244,0.9552,0.6489
36.839,0.1695,0.9278,0.9786,0.6652
36.890,0.2379,0.9292,0.9759,0.6630
36.941,0.2773,0.9330,0.9966,0.6863
36.991,0.2682,0.9348,0.9956,0.6845
37.041,0.2561,0.9363,0.9830,0.6691
37.091,0.2736,0.9340,0.8960,0.6200
37.141,0.2442,0.9348,0.9620,0.6531
37.191,0.2251,0.9339,0.9026,0.6228
37.241,0.2350,0.9353,0.9925,0.6796
37.291,0.2988,0.9371,0.9959,0.6851
37.344,0.2508,0.9399,0.9812,0.6675
37.394,0.2339,0.9408,0.9674,0.6567
37.445,0.2439,0.9402,0.9206,0.6308
37.495,0.2319,0.9405,0.9472,0.6443
37.545,0.1935,0.9397,0.9139,0.6278
37.595,0.1575,0.9379,0.8799,0.6135
37.646,0.2188,0.9291,0.7296,0.5633
37.696,0.2525,0.9266,0.8428,0.5997
37.747,0.2414,0.9289,0.9740,0.6615
37.798,0.2435,0.9298,0.9609,0.6524
37.848,0.2969,0.9310,0.9685,0.6575
37.898,0.2844,0.9342,0.9908,0.6774
37.949,0.2667,0.9359,0.9905,0.6771
37.999,0.2685,0.9370,0.9708,0.6591
38.049,0.2689,0.9317,0.8691,0.6093
38.099,0.2349,0.9310,0.9074,0.6249
38.153,0.1910,0.9309,0.9586,0.6510
38.203,0.2776,0.9325,0.9844,0.6704
38.253,0.3224,0.9337,0.9732,0.6609
38.303,0.2609,0.9352,0.9547,0.6486
38.353,0.2754,0.9357,0.9514,0.6467
38.403,0.3139,0.9361,0.9518,0.6469
38.452,0.2162,0.9319,0.8084,0.5879
38.503,0.1903,0.9255,0.7179,0.5599
38.553,0.1876,0.9230,0.8423,0.5995
38.603,0.2212,0.9149,0.7550,0.5710
38.652,0.2146,0.9132,0.8576,0.6050
38.703,0.2162,0.8979,0.5673,0.5180
38.754,0.2749,0.8837,0.4262,0.4803
38.805,0.2809,0.8671,0.3296,0.4537
38.855,0.2188,0.8285,0.1903,0.4117
38.906,0.2051,0.8071,0.1139,0.3840
38.956,0.2154,0.7608,0.0134,0.3274
39.007,0.1715,0.7410,0.1005,0.3785
39.057,0.1548,0.7204,0.0551,0.3570
39.107,0.2459,0.6843,0.1976,0.4141
39.157,0.4153,0.6669,0.1033,0.3797
39.207,0.3214,0.6472,0.0109,0.3246
39.257,0.2940,0.6089,0.0000,0.2558
39.307,0.3031,0.5907,0.0000,0.2047
39.360,0.2366,0.5560,0.0070,0.3197
39.411,0.1454,0.5394,0.0027,0.3120
39.462,0.1107,0.5232,0.0000,0.2956
39.512,0.1282,0.4923,0.0000,0.2500
39.562,0.1329,0.4775,0.0000,0.2930
39.614,0.1340,0.4650,0.0614,0.3603
39.662,0.1502,0.4382,0.0000,0.2934
39.713,0.1612,0.4251,0.0000,0.2933
39.763,0.1200,0.4000,0.0000,0.2986
39.813,0.1085,0.3881,0.0043,0.3154
39.863,0.1471,0.3769,0.0148,0.3288
39.914,0.2255,0.3552,0.0189,0.3326
39.964,0.2275,0.3452,0.0234,0.3365
40.014,0.2265,0.3352,0.0109,0.3247
40.064,0.3580,0.3243,0.1175,0.3855
40.114,0.3322,0.3148,0.0103,0.3239
40.164,0.2962,0.3054,0.0000,0.2897
40.214,0.3191,0.2873,0.0000,0.2718
40.265,0.3269,0.2787,0.0000,0.2766
40.316,0.1969,0.2623,0.0000,0.2471
40.366,0.1497,0.2544,0.0000,0.2100
40.416,0.1652,0.2468,0.0000,0.2508
40.466,0.1931,0.2322,0.0000,0.2668
40.516,0.1784,0.2278,0.0856,0.3720
40.566,0.1686,0.2221,0.0388,0.3474
40.616,0.2173,0.2090,0.0000,0.2845
40.666,0.2026,0.2027,0.0000,0.2724
40.717,0.1620,0.1907,0.0000,0.2583
40.767,0.1519,0.1850,0.0000,0.2482
40.817,0.1915,0.1795,0.0000,0.2119
40.867,0.1741,0.1689,0.0000,0.2502
40.918,0.1586,0.1638,0.0000,0.2509
40.971,0.1567,0.1589,0.0000,0.2651
41.018,0.3227,0.1539,0.0537,0.3562
41.068,0.2956,0.1493,0.0001,0.3017
41.118,0.2733,0.1405,0.0000,0.2281
41.169,0.3060,0.1362,0.0000,0.1865
41.221,0.2969,0.1322,0.0000,0.2144
41.269,0.1814,0.1244,0.0000,0.2667
41.319,0.1348,0.1206,0.0000,0.2572
41.370,0.1668,0.1135,0.0000,0.2248
41.420,0.1626,0.1101,0.0000,0.1704
41.470,0.1617,0.1068,0.0000,0.2977
41.520,0.1634,0.1005,0.0000,0.2460
41.571,0.1816,0.0975,0.0000,0.2360
41.621,0.1540,0.0945,0.0000,0.2495
41.671,0.1251,0.0889,0.0000,0.2832
41.723,0.2518,0.0863,0.0000,0.2971
41.776,0.2895,0.0812,0.0000,0.2765
41.826,0.2587,0.0787,0.0000,0.2827
41.876,0.2471,0.0764,0.0000,0.2756
41.926,0.2486,0.0757,0.1025,0.3794
41.976,0.1795,0.0737,0.0071,0.3198
42.027,0.1493,0.0715,0.0000,0.2745
42.077,0.1515,0.0672,0.0000,0.2477
42.128,0.1584,0.0652,0.0000,0.2427
42.178,0.1401,0.0614,0.0000,0.2496
42.228,0.1362,0.0595,0.0000,0.2018
42.278,0.2561,0.0577,0.0000,0.2519
42.328,0.3102,0.0543,0.0000,0.2301
42.378,0.2963,0.0527,0.0012,0.3081
42.429,0.2829,0.0524,0.0410,0.3488
42.479,0.3065,0.0493,0.0000,0.2609
42.529,0.2855,0.0478,0.0000,0.2573
42.581,0.1567,0.0450,0.0000,0.2465
42.631,0.1348,0.0436,0.0000,0.2611
42.682,0.1838,0.0423,0.0000,0.2436
42.733,0.1868,0.0398,0.0000,0.2313
42.783,0.1784,0.0386,0.0000,0.2632
42.833,0.1714,0.0364,0.0030,0.3127
42.883,0.1587,0.0365,0.0395,0.3478
42.933,0.1243,0.0354,0.0000,0.3008
42.985,0.0962,0.0333,0.0000,0.2327
43.035,0.1260,0.0323,0.0000,0.2044
43.085,0.1353,0.0304,0.0000,0.2470
43.135,0.1280,0.0295,0.0000,0.2420
43.185,0.1473,0.0286,0.0000,0.2345
43.235,0.2422,0.0269,0.0000,0.2124
43.285,0.2192,0.0261,0.0000,0.1765
43.336,0.1880,0.0252,0.0192,0.3329
43.386,0.2620,0.0244,0.0000,0.2963
43.437,0.2850,0.0237,0.0000,0.2605
43.487,0.2030,0.0223,0.0000,0.2804
43.537,0.1808,0.0216,0.0000,0.2789
43.589,0.3395,0.0205,0.0035,0.3139
43.639,0.3207,0.0199,0.0000,0.2699
43.689,0.2897,0.0196,0.0097,0.3232
43.740,0.2833,0.0187,0.0007,0.3062
43.790,0.3227,0.0212,0.1035,0.3798
43.841,0.1982,0.0246,0.0218,0.3352
43.891,0.1599,0.0239,0.0000,0.2850
43.941,0.1391,0.0232,0.0000,0.2650
43.991,0.1617,0.0218,0.0000,0.2454
44.041,0.1508,0.0211,0.0000,0.2537
44.091,0.1301,0.0199,0.0000,0.1874
44.141,0.1559,0.0193,0.0000,0.2167
44.191,0.1434,0.0187,0.0000,0.2341
44.241,0.0885,0.0176,0.0000,0.2822
44.291,0.0756,0.0177,0.0195,0.3332
44.343,0.1824,0.0166,0.0000,0.2608
44.393,0.1941,0.0161,0.0000,0.2574
44.443,0.1914,0.0156,0.0000,0.2520
44.493,0.2855,0.0147,0.0000,0.2482
44.543,0.3129,0.0143,0.0000,0.2345
44.593,0.2793,0.0139,0.0000,0.1825
44.643,0.2339,0.0130,0.0000,0.2877
44.693,0.2582,0.0126,0.0000,0.2528
44.743,0.2148,0.0151,0.0763,0.3677
44.794,0.1762,0.0151,0.0130,0.3269
44.847,0.1446,0.0146,0.0000,0.2950
44.894,0.2644,0.0137,0.0000,0.2381
44.945,0.2471,0.0133,0.0000,0.1929
44.995,0.1814,0.0125,0.0000,0.2846
45.045,0.2067,0.0122,0.0000,0.2770
45.095,0.2901,0.0118,0.0000,0.2599
45.145,0.2392,0.0111,0.0000,0.2112
45.195,0.2179,0.0110,0.0070,0.3197
45.248,0.2085,0.0114,0.0250,0.3377
45.295,0.2906,0.0108,0.0000,0.2825
45.345,0.2460,0.0104,0.0000,0.2862
45.395,0.2405,0.0098,0.0000,0.2888
45.446,0.3140,0.0097,0.0050,0.3165
45.500,0.3029,0.0096,0.0057,0.3177
45.547,0.2439,0.0090,0.0000,0.2851
45.597,0.2281,0.0087,0.0000,0.2819
45.647,0.2229,0.0118,0.1182,0.3857
45.697,0.2001,0.0145,0.1027,0.3794
45.748,0.1694,0.0143,0.0086,0.3218
45.798,0.1903,0.0135,0.0000,0.2711
45.849,0.1945,0.0131,0.0000,0.2668
45.900,0.1697,0.0123,0.0000,0.2919
45.951,0.1672,0.0119,0.0000,0.2746
46.005,0.1775,0.0116,0.0000,0.2152
46.051,0.1276,0.0109,0.0000,0.2759
46.101,0.1108,0.0106,0.0000,0.2485
46.152,0.1488,0.0131,0.0583,0.3587
46.202,0.3022,0.0129,0.0048,0.3162
46.252,0.2248,0.0125,0.0000,0.2890
46.302,0.2017,0.0118,0.0000,0.2696
46.352,0.2468,0.0114,0.0000,0.2657
46.407,0.2702,0.0111,0.0000,0.2663
46.454,0.2301,0.0104,0.0000,0.1970
46.504,0.2090,0.0101,0.0000,0.2537
46.554,0.2766,0.0095,0.0000,0.2294
46.604,0.2750,0.0099,0.0235,0.3366
46.658,0.2282,0.0108,0.0392,0.3477
46.705,0.2243,0.0102,0.0000,0.2892
46.755,0.2646,0.0099,0.0000,0.2646
46.805,0.2229,0.0093,0.0000,0.2084
46.856,0.2067,0.0090,0.0000,0.2772
46.906,0.2008,0.0087,0.0000,0.2926
46.957,0.2427,0.0082,0.0000,0.2839
47.008,0.2254,0.0080,0.0000,0.2746
47.057,0.2112,0.0079,0.0121,0.3260
47.108,0.2927,0.0080,0.0121,0.3260
47.162,0.3550,0.0078,0.0000,0.2810
47.209,0.2187,0.0073,0.0000,0.2715
47.259,0.1974,0.0071,0.0000,0.2823
47.310,0.2590,0.0070,0.0125,0.3264
47.360,0.2403,0.0070,0.0063,0.3186
47.410,0.2199,0.0068,0.0005,0.3052
47.460,0.2107,0.0068,0.0027,0.3121
47.510,0.2145,0.0066,0.0000,0.2971
47.561,0.1573,0.0122,0.0773,0.3682
47.611,0.1510,0.0119,0.0038,0.3143
47.662,0.1703,0.0115,0.0000,0.2823
47.713,0.2065,0.0109,0.0000,0.2609
47.764,0.2025,0.0105,0.0000,0.2673
47.814,0.1978,0.0099,0.0000,0.2566
47.864,0.2132,0.0096,0.0000,0.2062
47.914,0.2094,0.0093,0.0000,0.2361
47.964,0.1658,0.0088,0.0000,0.2172
48.016,0.1591,0.0090,0.0174,0.3313
48.066,0.4133,0.0096,0.0008,0.3064
48.116,0.3230,0.0093,0.0000,0.2760
48.166,0.3055,0.0090,0.0000,0.2749
48.216,0.3373,0.0085,0.0000,0.2622
48.266,0.3095,0.0082,0.0000,0.2607
48.316,0.2468,0.0080,0.0000,0.2354
48.366,0.1609,0.0075,0.0000,0.2423
48.416,0.1974,0.0073,0.0000,0.2501
48.466,0.2052,0.0071,0.0000,0.2762
48.517,0.1729,0.0098,0.0260,0.3385
48.567,0.1693,0.0096,0.0012,0.3082
48.617,0.2136,0.0090,0.0000,0.2693
48.667,0.1825,0.0088,0.0000,0.2279
48.717,0.1671,0.0085,0.0000,0.2790
48.768,0.1711,0.0080,0.0000,0.2869
48.819,0.1752,0.0077,0.0000,0.2739
48.874,0.1637,0.0075,0.0000,0.2658
48.920,0.1444,0.0071,0.0000,0.2763
48.971,0.1950,0.0088,0.0661,0.3627
49.022,0.2191,0.0090,0.0000,0.2880
49.072,0.2090,0.0087,0.0000,0.2749
49.122,0.2035,0.0085,0.0000,0.2866
49.172,0.2771,0.0081,0.0039,0.3145
49.222,0.2299,0.0082,0.0116,0.3254
49.272,0.1983,0.0079,0.0000,0.2836
49.322,0.1978,0.0075,0.0000,0.2948
49.373,0.2085,0.0072,0.0000,0.2851
49.423,0.1948,0.0094,0.0801,0.3695
49.473,0.1808,0.0150,0.0408,0.3487
49.523,0.1880,0.0146,0.0000,0.3009
49.576,0.1813,0.0141,0.0000,0.2917
49.624,0.1029,0.0133,0.0000,0.2828
49.674,0.0868,0.0129,0.0000,0.2913
49.724,0.1481,0.0121,0.0000,0.2167
49.774,0.1579,0.0118,0.0000,0.2697
49.824,0.1648,0.0114,0.0000,0.2689
49.874,0.3332,0.0123,0.0530,0.3558
49.924,0.4125,0.0136,0.0549,0.3569
49.974,0.3359,0.0133,0.0039,0.3145
50.024,0.2680,0.0125,0.0000,0.2722
50.074,0.2797,0.0122,0.0000,0.2630
50.125,0.2733,0.0118,0.0000,0.2659
50.176,0.2017,0.0111,0.0000,0.2301
50.226,0.1814,0.0108,0.0000,0.2386
50.276,0.2017,0.0104,0.0000,0.2745
50.326,0.1922,0.0098,0.0002,0.3029
50.376,0.1829,0.0124,0.0972,0.3771
50.426,0.2029,0.0128,0.0037,0.3142
50.476,0.2379,0.0125,0.0000,0.2954
50.526,0.2125,0.0121,0.0000,0.2721
50.576,0.1723,0.0114,0.0000,0.2788
50.626,0.1935,0.0110,0.0000,0.2958
50.676,0.2366,0.0107,0.0000,0.2887
50.726,0.2156,0.0101,0.0000,0.2671
50.776,0.2043,0.0098,0.0000,0.2436
50.831,0.2741,0.0100,0.0188,0.3326
50.878,0.3039,0.0122,0.0233,0.3363
50.928,0.2817,0.0119,0.0000,0.2927
50.979,0.2677,0.0112,0.0003,0.3042
51.029,0.2688,0.0109,0.0001,0.3018
51.079,0.2123,0.0107,0.0057,0.3178
51.129,0.1725,0.0103,0.0000,0.2814
51.179,0.1661,0.0100,0.0000,0.2910
51.232,0.2376,0.0094,0.0000,0.2809
51.281,0.2137,0.0114,0.0748,0.3670
51.331,0.2027,0.0146,0.1183,0.3858
51.382,0.2127,0.0144,0.0000,0.2936
51.432,0.1974,0.0139,0.0000,0.2881
51.482,0.1562,0.0135,0.0000,0.2815
51.532,0.1065,0.0127,0.0000,0.2849
51.583,0.1669,0.0123,0.0000,0.2733
51.636,0.2030,0.0116,0.0000,0.2402
51.686,0.1899,0.0113,0.0000,0.2424
51.736,0.1850,0.0109,0.0000,0.2012
51.786,0.2046,0.0105,0.0007,0.3063
51.836,0.1634,0.0102,0.0000,0.2646
51.885,0.1289,0.0099,0.0000,0.2494
51.936,0.2183,0.0093,0.0000,0.2376
51.986,0.2378,0.0090,0.0000,0.2494
52.039,0.2413,0.0087,0.0000,0.2454
52.087,0.2297,0.0082,0.0000,0.2130
52.137,0.3043,0.0080,0.0000,0.2538
52.187,0.2838,0.0075,0.0000,0.2571
52.237,0.2671,0.0104,0.1035,0.3798
52.288,0.2515,0.0121,0.0662,0.3628
52.339,0.2678,0.0118,0.0013,0.3084
52.389,0.2184,0.0115,0.0000,0.2897
52.442,0.1745,0.0108,0.0000,0.3012
52.492,0.3197,0.0112,0.0263,0.3387
52.542,0.3238,0.0115,0.0203,0.3338
52.594,0.2694,0.0111,0.0001,0.3028
52.644,0.2546,0.0107,0.0000,0.2844
52.697,0.3099,0.0132,0.1043,0.3801
52.747,0.2047,0.0145,0.0572,0.3581
52.797,0.1644,0.0142,0.0025,0.3117
52.848,0.1661,0.0135,0.0048,0.3162
52.899,0.2210,0.0132,0.0038,0.3144
52.952,0.2061,0.0149,0.0540,0.3564
53.002,0.2075,0.0148,0.0114,0.3252
53.052,0.2956,0.0149,0.0156,0.3296
53.102,0.2720,0.0146,0.0046,0.3159
53.152,0.2447,0.0167,0.0863,0.3723
53.202,0.2230,0.0224,0.2064,0.4169
53.252,0.2255,0.0242,0.0078,0.3208
53.302,0.1996,0.0240,0.0175,0.3314
53.352,0.1593,0.0237,0.0120,0.3258
53.403,0.1933,0.0233,0.0250,0.3377
53.453,0.3092,0.0229,0.0093,0.3226
53.503,0.2569,0.0216,0.0030,0.3128
53.553,0.2370,0.0213,0.0112,0.3249
53.603,0.2442,0.0206,0.0000,0.2937
53.654,0.2088,0.0255,0.0980,0.3775
53.704,0.1681,0.0253,0.0184,0.3322
53.754,0.1212,0.0245,0.0005,0.3049
53.804,0.1796,0.0231,0.0000,0.2905
53.854,0.1996,0.0224,0.0000,0.2913
53.907,0.1865,0.0217,0.0000,0.2904
53.955,0.1838,0.0205,0.0000,0.2313
54.005,0.1957,0.0198,0.0000,0.2811
54.055,0.1359,0.0187,0.0000,0.2671
54.105,0.1098,0.0219,0.1264,0.3890
54.155,0.1208,0.0244,0.1054,0.3806
54.206,0.1786,0.0245,0.0156,0.3296
54.256,0.1783,0.0238,0.0029,0.3126
54.308,0.2424,0.0224,0.0000,0.2900
54.358,0.4190,0.0223,0.0189,0.3326
54.409,0.4008,0.0223,0.0202,0.3338
54.459,0.3005,0.0211,0.0015,0.3090
54.509,0.2749,0.0205,0.0000,0.2919
54.559,0.2727,0.0199,0.0000,0.2844
54.609,0.1620,0.0253,0.1053,0.3806
54.660,0.1308,0.0252,0.0191,0.3329
54.713,0.1583,0.0246,0.0173,0.3312
54.764,0.1716,0.0241,0.0095,0.3229
54.814,0.1714,0.0238,0.0124,0.3263
54.864,0.1663,0.0230,0.0033,0.3134
54.914,0.1739,0.0224,0.0026,0.3119
54.964,0.1639,0.0219,0.0056,0.3175
55.014,0.1102,0.0217,0.0337,0.3440
55.063,0.1059,0.0254,0.1458,0.3962
55.114,0.1663,0.0257,0.0362,0.3457
55.164,0.1814,0.0243,0.0043,0.3153
55.214,0.1714,0.0237,0.0028,0.3124
55.267,0.2454,0.0224,0.0025,0.3117
55.317,0.2746,0.0217,0.0000,0.2989
55.367,0.2557,0.0211,0.0000,0.2467
55.417,0.2395,0.0198,0.0000,0.2958
55.467,0.2681,0.0192,0.0000,0.2727
55.517,0.2646,0.0196,0.0331,0.3437
55.568,0.2186,0.0197,0.0012,0.3080
55.618,0.2060,0.0191,0.0000,0.2786
55.668,0.2506,0.0185,0.0000,0.2693
55.718,0.2376,0.0174,0.0000,0.2565
55.768,0.2255,0.0169,0.0000,0.2575
55.819,0.2229,0.0159,0.0000,0.1898
55.869,0.2110,0.0154,0.0000,0.2338
55.919,0.1566,0.0150,0.0000,0.2364
55.968,0.1230,0.0142,0.0028,0.3125
56.018,0.1984,0.0137,0.0000,0.3004
56.069,0.3501,0.0133,0.0000,0.2661
56.119,0.2515,0.0125,0.0000,0.2442
56.169,0.2405,0.0122,0.0000,0.2139
56.222,0.2942,0.0114,0.0000,0.2766
56.272,0.2720,0.0111,0.0000,0.2735
56.323,0.2420,0.0108,0.0000,0.2627
56.373,0.2348,0.0101,0.0000,0.2400
56.423,0.2605,0.0098,0.0000,0.2531
56.473,0.2323,0.0103,0.0254,0.3380
56.523,0.1775,0.0099,0.0000,0.2786
56.574,0.2097,0.0096,0.0000,0.2823
56.628,0.2637,0.0090,0.0000,0.3001
56.678,0.2486,0.0090,0.0078,0.3208
56.730,0.2409,0.0091,0.0109,0.3246
56.780,0.2643,0.0085,0.0000,0.2960
56.830,0.2222,0.0083,0.0000,0.3000
56.880,0.1826,0.0080,0.0000,0.2860
56.931,0.2383,0.0111,0.0905,0.3742
56.981,0.3125,0.0110,0.0072,0.3200
57.031,0.2667,0.0107,0.0000,0.2729
57.081,0.2378,0.0101,0.0000,0.2715
57.131,0.2877,0.0098,0.0000,0.2739
57.181,0.3018,0.0095,0.0000,0.2923
57.231,0.2000,0.0089,0.0000,0.2499
57.281,0.1812,0.0086,0.0000,0.2954
57.333,0.2292,0.0081,0.0000,0.2741
57.383,0.2235,0.0113,0.1154,0.3846
57.433,0.2222,0.0135,0.0827,0.3707
57.483,0.2711,0.0131,0.0012,0.3081
57.533,0.2812,0.0127,0.0000,0.2955
57.584,0.2608,0.0123,0.0000,0.2780
57.635,0.2356,0.0116,0.0000,0.2792
57.685,0.2412,0.0112,0.0000,0.2509
57.739,0.2038,0.0106,0.0000,0.2682
57.789,0.1663,0.0102,0.0000,0.2487
57.839,0.1548,0.0099,0.0000,0.2869
57.889,0.3868,0.0129,0.0393,0.3477
57.939,0.3489,0.0127,0.0064,0.3188
57.989,0.3116,0.0123,0.0002,0.3029
58.039,0.3282,0.0116,0.0000,0.2355
58.090,0.3260,0.0113,0.0000,0.2611
58.143,0.1835,0.0106,0.0000,0.2729
58.193,0.1269,0.0103,0.0000,0.2708
58.243,0.1263,0.0100,0.0000,0.2674
58.293,0.1682,0.0094,0.0000,0.2803
58.343,0.1718,0.0098,0.0234,0.3364
58.393,0.1710,0.0096,0.0028,0.3124
58.443,0.2180,0.0090,0.0000,0.2813
58.493,0.2167,0.0088,0.0000,0.2854
58.543,0.2141,0.0085,0.0000,0.2810
58.593,0.2310,0.0080,0.0010,0.3072
58.643,0.2591,0.0078,0.0000,0.2730
58.695,0.2267,0.0073,0.0000,0.2891
58.745,0.2145,0.0071,0.0000,0.2822
58.795,0.2118,0.0079,0.0327,0.3434
58.846,0.3294,0.0091,0.0016,0.3092
58.896,0.2890,0.0089,0.0000,0.2996
58.946,0.2712,0.0086,0.0000,0.2914
58.996,0.3239,0.0081,0.0000,0.2955
59.046,0.2570,0.0078,0.0000,0.2930
59.096,0.2093,0.0076,0.0000,0.2728
59.147,0.1706,0.0072,0.0000,0.2772
59.197,0.1843,0.0069,0.0000,0.2610
59.247,0.1814,0.0067,0.0000,0.2578
59.298,0.1754,0.0072,0.0046,0.3159
59.348,0.1824,0.0070,0.0000,0.2771
59.398,0.1827,0.0066,0.0000,0.2874
59.447,0.1707,0.0064,0.0000,0.2801
59.498,0.1647,0.0062,0.0000,0.2846
59.548,0.2142,0.0058,0.0000,0.2445
59.598,0.2161,0.0057,0.0000,0.2154
59.649,0.1875,0.0053,0.0000,0.2643
59.699,0.1850,0.0052,0.0000,0.2718
59.749,0.3570,0.0072,0.0715,0.3654
59.799,0.3114,0.0078,0.0043,0.3153
59.849,0.2831,0.0076,0.0015,0.3089
59.899,0.2620,0.0074,0.0000,0.2918
59.949,0.2527,0.0070,0.0000,0.2624
59.999,0.1843,0.0068,0.0000,0.2867
60.052,0.1473,0.0065,0.0000,0.2817
60.099,0.1281,0.0062,0.0000,0.2706
60.149,0.1617,0.0060,0.0000,0.2483
60.200,0.1621,0.0063,0.0230,0.3361
60.251,0.1605,0.0064,0.0081,0.3212
60.302,0.1714,0.0062,0.0000,0.2823
60.352,0.1514,0.0058,0.0000,0.2815
60.402,0.1254,0.0056,0.0000,0.2814
60.452,0.1207,0.0055,0.0001,0.3023
60.502,0.2021,0.0052,0.0000,0.2686
60.552,0.2058,0.0050,0.0000,0.3010
60.602,0.2052,0.0049,0.0004,0.3048
60.652,0.2988,0.0063,0.0547,0.3568
60.703,0.3229,0.0063,0.0078,0.3207
60.753,0.3140,0.0061,0.0000,0.2683
60.803,0.2827,0.0058,0.0000,0.2658
60.852,0.3176,0.0056,0.0000,0.2694
60.904,0.3191,0.0054,0.0000,0.2892
60.954,0.2043,0.0051,0.0000,0.2598
61.004,0.1654,0.0049,0.0000,0.2741
61.054,0.2339,0.0049,0.0039,0.3145
61.104,0.2514,0.0047,0.0027,0.3122
61.154,0.2420,0.0064,0.0595,0.3593
61.205,0.2478,0.0068,0.0002,0.3030
61.256,0.2307,0.0067,0.0059,0.3181
61.306,0.1705,0.0067,0.0063,0.3186
61.356,0.1426,0.0066,0.0069,0.3195
61.406,0.1790,0.0064,0.0008,0.3067
61.456,0.2072,0.0062,0.0000,0.2634
61.507,0.2068,0.0064,0.0121,0.3260
61.557,0.1987,0.0062,0.0005,0.3050
61.607,0.2502,0.0116,0.1473,0.3968
61.657,0.2382,0.0135,0.0742,0.3667
61.707,0.2064,0.0144,0.0456,0.3516
61.758,0.2136,0.0145,0.0029,0.3125
61.808,0.2397,0.0140,0.0000,0.2871
61.859,0.2171,0.0145,0.0303,0.3417
61.909,0.1780,0.0153,0.0234,0.3365
61.960,0.1779,0.0153,0.0147,0.3287
62.011,0.2041,0.0144,0.0000,0.2760
62.062,0.1954,0.0144,0.0130,0.3269
62.112,0.1829,0.0149,0.0315,0.3425
62.162,0.2084,0.0141,0.0000,0.2966
62.212,0.1932,0.0137,0.0000,0.3010
62.262,0.1656,0.0133,0.0000,0.2967
62.312,0.1537,0.0128,0.0106,0.3243
62.362,0.2800,0.0124,0.0015,0.3090
62.412,0.3039,0.0121,0.0000,0.2648
62.462,0.2595,0.0114,0.0000,0.2970
62.512,0.2723,0.0110,0.0000,0.2865
62.565,0.2906,0.0117,0.0191,0.3328
62.615,0.2192,0.0114,0.0000,0.2861
62.665,0.1927,0.0110,0.0006,0.3057
62.715,0.2141,0.0104,0.0000,0.2998
62.765,0.2081,0.0102,0.0031,0.3131
62.816,0.1912,0.0099,0.0011,0.3077
62.867,0.1790,0.0093,0.0005,0.3052
62.917,0.2902,0.0095,0.0154,0.3294
62.970,0.2733,0.0096,0.0152,0.3292
63.021,0.2633,0.0110,0.0569,0.3580
63.071,0.2685,0.0113,0.0217,0.3350
63.121,0.2664,0.0107,0.0011,0.3077
63.171,0.2295,0.0104,0.0001,0.3028
63.222,0.1873,0.0098,0.0015,0.3089
63.272,0.2333,0.0095,0.0000,0.3009
63.322,0.2604,0.0092,0.0000,0.2769
63.372,0.2237,0.0087,0.0000,0.3005
63.422,0.2099,0.0084,0.0000,0.2864
63.478,0.2208,0.0082,0.0000,0.2977
63.524,0.1626,0.0098,0.0238,0.3368
63.574,0.1424,0.0097,0.0048,0.3162
63.629,0.1652,0.0092,0.0000,0.2947
63.679,0.2050,0.0089,0.0000,0.2483
63.729,0.2089,0.0087,0.0001,0.3026
63.779,0.1903,0.0082,0.0014,0.3085
63.829,0.2455,0.0081,0.0018,0.3098
63.880,0.2403,0.0078,0.0000,0.2966
63.931,0.1882,0.0075,0.0041,0.3150
63.981,0.1712,0.0075,0.0075,0.3204
64.036,0.2633,0.0070,0.0000,0.2847
64.086,0.2461,0.0068,0.0000,0.2827
64.136,0.2246,0.0066,0.0000,0.2767
64.186,0.3004,0.0066,0.0111,0.3249
64.236,0.3251,0.0065,0.0039,0.3147
64.287,0.3052,0.0063,0.0000,0.2877
64.338,0.2617,0.0072,0.0197,0.3333
64.388,0.2927,0.0072,0.0088,0.3220
64.438,0.2639,0.0084,0.0472,0.3525
64.489,0.1701,0.0082,0.0000,0.2709
64.539,0.1495,0.0079,0.0000,0.2839
64.591,0.2468,0.0075,0.0000,0.2794
64.641,0.2482,0.0073,0.0001,0.3027
64.692,0.2295,0.0070,0.0002,0.3035
64.742,0.2401,0.0066,0.0000,0.2879
64.793,0.2158,0.0071,0.0236,0.3366
64.843,0.1633,0.0072,0.0107,0.3244
64.893,0.1183,0.0101,0.0839,0.3713
64.943,0.1660,0.0113,0.0476,0.3528
64.997,0.2120,0.0113,0.0197,0.3333
65.047,0.2120,0.0113,0.0094,0.3228
65.097,0.2105,0.0110,0.0005,0.3054
65.147,0.3393,0.0110,0.0102,0.3238
65.197,0.3046,0.0107,0.0000,0.2745
65.247,0.2519,0.0106,0.0073,0.3201
65.298,0.2404,0.0104,0.0000,0.2896
65.348,0.1872,0.0121,0.0653,0.3623
65.398,0.1552,0.0145,0.0921,0.3749
65.448,0.1141,0.0158,0.0362,0.3457
65.498,0.1546,0.0158,0.0147,0.3286
65.548,0.1774,0.0153,0.0000,0.2964
65.598,0.1965,0.0167,0.0668,0.3631
65.648,0.2030,0.0181,0.0644,0.3619
65.700,0.2349,0.0195,0.0436,0.3504
65.750,0.2248,0.0193,0.0135,0.3275
65.800,0.2001,0.0188,0.0010,0.3075
65.850,0.3010,0.0202,0.0394,0.3478
65.900,0.3427,0.0196,0.0012,0.3079
65.951,0.3135,0.0192,0.0053,0.3171
66.002,0.2573,0.0183,0.0047,0.3161
66.052,0.2783,0.0182,0.0143,0.3283
66.102,0.2779,0.0191,0.0247,0.3375
66.152,0.2561,0.0187,0.0077,0.3206
66.202,0.2515,0.0191,0.0325,0.3432
66.252,0.2746,0.0192,0.0132,0.3271
66.303,0.2498,0.0201,0.0476,0.3528
66.354,0.1774,0.0194,0.0000,0.2878
66.404,0.2061,0.0188,0.0002,0.3032
66.458,0.3184,0.0178,0.0002,0.3035
66.508,0.3016,0.0173,0.0020,0.3105
66.559,0.2780,0.0174,0.0199,0.3335
66.609,0.2920,0.0166,0.0000,0.2770
66.659,0.2705,0.0162,0.0047,0.3160
66.711,0.1701,0.0153,0.0000,0.2737
66.761,0.1503,0.0161,0.0408,0.3486
66.811,0.2767,0.0165,0.0297,0.3412
66.861,0.2829,0.0163,0.0255,0.3381
66.911,0.2757,0.0167,0.0304,0.3418
66.962,0.2579,0.0165,0.0108,0.3245
67.012,0.2765,0.0174,0.0294,0.3410
67.063,0.2180,0.0169,0.0009,0.3070
67.113,0.1816,0.0175,0.0372,0.3463
67.164,0.2324,0.0214,0.0593,0.3593
67.214,0.2556,0.0234,0.0891,0.3736
67.264,0.2182,0.0317,0.1309,0.3907
67.314,0.2089,0.0338,0.1021,0.3792
67.364,0.3370,0.0374,0.1553,0.3997
67.414,0.3124,0.0391,0.0215,0.3349
67.464,0.2604,0.0418,0.1288,0.3899
67.516,0.2392,0.0457,0.1710,0.4052
67.564,0.2444,0.0515,0.1570,0.4003
67.614,0.2025,0.0546,0.1556,0.3998
67.664,0.1472,0.0592,0.1630,0.4024
67.715,0.2048,0.0633,0.1976,0.4141
67.765,0.2405,0.0659,0.1493,0.3975
67.815,0.2298,0.0668,0.1151,0.3845
67.866,0.2209,0.0683,0.1160,0.3849
67.918,0.2357,0.0691,0.0941,0.3758
67.966,0.2557,0.0762,0.2046,0.4164
68.016,0.1996,0.0771,0.1071,0.3813
68.066,0.1660,0.0852,0.2250,0.4228
68.116,0.2159,0.0881,0.1841,0.4096
68.166,0.2063,0.0938,0.2759,0.4383
68.217,0.1675,0.1009,0.1507,0.3980
68.268,0.1630,0.0986,0.0247,0.3375
68.318,0.2893,0.0987,0.0996,0.3781
68.368,0.2830,0.0993,0.1189,0.3860
68.418,0.2665,0.1038,0.2468,0.4296
68.468,0.3154,0.1089,0.1496,0.3976
68.518,0.3156,0.1158,0.3413,0.4570
68.568,0.2238,0.1302,0.3171,0.4502
68.618,0.2489,0.1424,0.5352,0.5094
68.669,0.3698,0.1644,0.8777,0.6126
68.719,0.2333,0.2124,0.9827,0.6688
68.769,0.2132,0.2360,0.9993,0.6937
68.819,0.2831,0.2811,1.0000,0.7450
68.870,0.3101,0.3027,1.0000,0.7598
68.921,0.2795,0.3236,1.0000,0.7511
68.971,0.2388,0.3636,1.0000,0.6997
69.022,0.2424,0.3827,1.0000,0.7439
69.072,0.2041,0.4192,1.0000,0.7268
69.122,0.1686,0.4366,1.0000,0.7882
69.172,0.1579,0.4535,1.0000,0.8059
69.223,0.1854,0.4858,1.0000,0.7865
69.272,0.1723,0.5012,1.0000,0.7521
69.326,0.1562,0.5162,1.0000,0.7265
69.374,0.1554,0.5448,1.0000,0.7515
69.424,0.2001,0.5584,1.0000,0.7476
69.474,0.2354,0.5845,1.0000,0.7433
69.524,0.2357,0.5970,1.0000,0.7167
69.574,0.2495,0.6091,1.0000,0.7192
69.624,0.3165,0.6322,1.0000,0.7958
69.674,0.3025,0.6432,1.0000,0.7899
69.726,0.2625,0.6643,1.0000,0.8035
69.776,0.2524,0.6744,1.0000,0.8050
69.826,0.2295,0.6842,1.0000,0.8094
69.875,0.1714,0.7028,1.0000,0.7631
69.926,0.1584,0.7117,1.0000,0.7609
69.976,0.1922,0.7204,1.0000,0.7781
70.026,0.2230,0.7369,1.0000,0.7975
70.076,0.2111,0.7448,1.0000,0.8382
70.127,0.2248,0.7599,1.0000,0.8259
70.177,0.2590,0.7671,1.0000,0.8247
70.227,0.2576,0.7741,1.0000,0.8275
70.277,0.2447,0.7874,1.0000,0.8113
70.328,0.2732,0.7938,1.0000,0.7668
70.380,0.2422,0.8060,1.0000,0.7428
70.430,0.2204,0.8118,1.0000,0.7464
70.480,0.1997,0.8175,1.0000,0.7115
70.530,0.3488,0.8282,1.0000,0.7923
70.580,0.3043,0.8034,1.0000,0.7923
70.631,0.2733,0.8150,1.0000,0.7839
70.682,0.2844,0.8206,1.0000,0.7702
70.732,0.2842,0.8260,1.0000,0.7651
70.782,0.1915,0.8362,1.0000,0.7475
70.832,0.1603,0.8411,0.9977,0.6888
70.882,0.2463,0.8505,1.0000,0.7400
70.932,0.2192,0.8550,1.0000,0.7257
70.982,0.1971,0.8593,1.0000,0.7539
71.032,0.1723,0.8676,1.0000,0.8077
71.083,0.2376,0.8716,1.0000,0.7991
71.137,0.2084,0.8792,1.0000,0.7809
71.187,0.1842,0.8828,1.0000,0.7526
71.238,0.1711,0.8863,1.0000,0.7584
71.289,0.1903,0.8930,1.0000,0.7558
71.339,0.1816,0.8963,1.0000,0.7465
71.390,0.1651,0.9024,1.0000,0.7035
71.440,0.1912,0.9053,1.0000,0.7408
71.490,0.2305,0.9082,1.0000,0.7893
71.541,0.1948,0.9136,1.0000,0.7886
71.591,0.1829,0.9162,1.0000,0.7802
71.641,0.2061,0.9187,1.0000,0.7587
71.691,0.1867,0.9235,1.0000,0.7352
71.741,0.1676,0.9258,1.0000,0.7322
71.791,0.1779,0.9301,1.0000,0.7069
71.841,0.2003,0.9322,1.0000,0.7105
71.891,0.2026,0.9343,1.0000,0.7067
71.941,0.1993,0.9381,1.0000,0.7888
71.993,0.2280,0.9400,1.0000,0.7948
72.043,0.2680,0.9418,1.0000,0.7855
72.093,0.2332,0.9452,1.0000,0.7814
72.143,0.2227,0.9469,1.0000,0.7741
72.194,0.2907,0.9500,1.0000,0.7180
72.244,0.2758,0.9514,0.9973,0.6879
72.294,0.2586,0.9529,1.0000,0.7119
72.344,0.2484,0.9556,0.9972,0.6876
72.394,0.2527,0.9569,1.0000,0.7565
72.445,0.2169,0.9582,1.0000,0.7800
72.495,0.1277,0.9607,1.0000,0.7614
72.545,0.1576,0.9619,1.0000,0.7476
72.595,0.2243,0.9630,1.0000,0.7249
72.645,0.2299,0.9652,1.0000,0.7144
72.695,0.2242,0.9660,0.9928,0.6801
72.745,0.2464,0.9666,0.9867,0.6728
72.795,0.2603,0.9686,1.0000,0.7120
72.846,0.1992,0.9696,1.0000,0.7271
72.900,0.2179,0.9714,1.0000,0.7980
72.950,0.2924,0.9722,1.0000,0.7875
73.000,0.2673,0.9731,1.0000,0.7912
73.050,0.2403,0.9746,1.0000,0.7751
73.100,0.2931,0.9754,1.0000,0.7821
73.150,0.3631,0.9761,1.0000,0.7822
73.200,0.3034,0.9776,1.0000,0.7640
73.250,0.2809,0.9782,1.0000,0.7482
73.301,0.2827,0.9795,1.0000,0.7314
73.351,0.2422,0.9801,1.0000,0.7802
73.402,0.1422,0.9807,1.0000,0.7852
73.452,0.0907,0.9819,1.0000,0.7680
73.502,0.1431,0.9824,1.0000,0.7513
73.552,0.1854,0.9834,1.0000,0.7293
73.602,0.1854,0.9839,1.0000,0.7234
73.652,0.1882,0.9840,0.9872,0.6733
73.702,0.2379,0.9848,1.0000,0.7102
73.752,0.2072,0.9853,1.0000,0.7143
73.801,0.1860,0.9857,1.0000,0.7463
73.852,0.2847,0.9865,1.0000,0.7730
73.902,0.2978,0.9869,1.0000,0.7608
73.954,0.2729,0.9877,1.0000,0.7664
74.004,0.2629,0.9881,1.0000,0.7634
74.055,0.3093,0.9884,1.0000,0.7507
74.105,0.2779,0.9882,0.9693,0.6580
74.156,0.2546,0.9885,0.9979,0.6894
74.206,0.2435,0.9888,1.0000,0.7000
74.256,0.2639,0.9888,1.0000,0.7253
74.306,0.2021,0.9892,1.0000,0.7544
74.356,0.1556,0.9898,1.0000,0.7465
74.406,0.1944,0.9901,1.0000,0.7547
74.457,0.2748,0.9904,1.0000,0.7619
74.507,0.2582,0.9910,1.0000,0.7587
74.557,0.2544,0.9913,1.0000,0.7386
74.607,0.2778,0.9916,1.0000,0.7148
74.659,0.2275,0.9919,1.0000,0.7328
74.709,0.1735,0.9920,0.9957,0.6846
74.759,0.1782,0.9925,1.0000,0.7672
74.810,0.2804,0.9927,1.0000,0.7691
74.860,0.2780,0.9931,1.0000,0.7635
74.910,0.2673,0.9933,1.0000,0.7654
74.960,0.2978,0.9935,1.0000,0.7424
75.010,0.3050,0.9939,1.0000,0.7524
75.060,0.2409,0.9941,1.0000,0.7486
75.110,0.2161,0.9943,1.0000,0.7378
75.161,0.2146,0.9937,0.9691,0.6579
75.211,0.1676,0.9939,1.0000,0.7165
75.261,0.1417,0.9940,1.0000,0.7500
75.311,0.1183,0.9944,1.0000,0.7451
75.361,0.1720,0.9946,1.0000,0.7538
75.417,0.1902,0.9949,1.0000,0.7767
75.467,0.1699,0.9950,1.0000,0.7660
75.517,0.1748,0.9952,1.0000,0.7193
75.567,0.1742,0.9955,1.0000,0.7182
75.618,0.1468,0.9956,1.0000,0.7153
75.669,0.1268,0.9957,1.0000,0.7353
75.719,0.2154,0.9960,1.0000,0.7652
75.769,0.2416,0.9961,1.0000,0.7499
75.822,0.2388,0.9962,1.0000,0.7531
75.869,0.2558,0.9965,1.0000,0.7504
75.920,0.3159,0.9966,1.0000,0.7441
75.970,0.2597,0.9961,0.9782,0.6649
76.020,0.2382,0.9961,0.9967,0.6866
76.070,0.2282,0.9962,1.0000,0.7047
76.120,0.2600,0.9957,0.9999,0.6982
76.170,0.2375,0.9958,1.0000,0.7400
76.220,0.2277,0.9960,1.0000,0.7454
76.270,0.2489,0.9962,1.0000,0.7421
76.321,0.2320,0.9963,1.0000,0.7378
76.371,0.1950,0.9964,1.0000,0.7215
76.422,0.1793,0.9966,0.9979,0.6892
76.472,0.1995,0.9958,0.9719,0.6599
76.522,0.1959,0.9959,0.9992,0.6935
76.572,0.1694,0.9958,0.9887,0.6749
76.622,0.2064,0.9959,1.0000,0.7251
76.673,0.2965,0.9960,1.0000,0.7435
76.723,0.2720,0.9963,1.0000,0.7484
76.773,0.2523,0.9964,1.0000,0.7530
76.823,0.3277,0.9966,1.0000,0.7425
76.873,0.3162,0.9967,1.0000,0.7496
76.923,0.2460,0.9968,1.0000,0.7401
76.973,0.1997,0.9970,1.0000,0.7168
77.023,0.2447,0.9970,0.9986,0.6914
77.073,0.2576,0.9971,1.0000,0.7083
77.123,0.2140,0.9973,1.0000,0.7642
77.174,0.2077,0.9974,1.0000,0.7548
77.224,0.2319,0.9975,1.0000,0.7728
77.275,0.2209,0.9976,1.0000,0.7791
77.326,0.2095,0.9977,1.0000,0.7751
77.376,0.2212,0.9978,1.0000,0.7199
77.426,0.2184,0.9979,1.0000,0.7016
77.476,0.1698,0.9980,1.0000,0.7131
77.526,0.1532,0.9981,1.0000,0.7241
77.577,0.2516,0.9981,1.0000,0.7689
77.627,0.2776,0.9982,1.0000,0.7570
77.677,0.2346,0.9983,1.0000,0.7511
77.730,0.2098,0.9983,1.0000,0.7494
77.778,0.2427,0.9984,1.0000,0.7366
77.828,0.2259,0.9985,1.0000,0.7092
77.878,0.1821,0.9966,0.9641,0.6545
77.929,0.1807,0.9964,0.9911,0.6777
77.982,0.1928,0.9952,0.9548,0.6487
78.030,0.1722,0.9947,1.0000,0.7184
78.082,0.1669,0.9949,1.0000,0.7286
78.132,0.2639,0.9952,1.0000,0.7236
78.182,0.2535,0.9953,1.0000,0.7440
78.234,0.2403,0.9955,1.0000,0.7627
78.283,0.2225,0.9957,1.0000,0.7506
78.333,0.2486,0.9958,1.0000,0.7041
78.383,0.2298,0.9961,1.0000,0.7408
78.434,0.2187,0.9962,0.9992,0.6933
78.484,0.2149,0.9963,1.0000,0.7151
78.534,0.2974,0.9965,1.0000,0.7615
78.584,0.2712,0.9966,1.0000,0.7477
78.634,0.2646,0.9968,1.0000,0.7384
78.684,0.2839,0.9969,1.0000,0.7132
78.734,0.2664,0.9970,1.0000,0.7185
78.785,0.1987,0.9972,1.0000,0.7126
78.836,0.1750,0.9973,1.0000,0.7023
78.886,0.1881,0.9965,0.9704,0.6588
78.936,0.1724,0.9965,0.9988,0.6920
78.986,0.1565,0.9966,1.0000,0.7369
79.036,0.2280,0.9968,1.0000,0.7323
79.086,0.2784,0.9969,1.0000,0.7228
79.139,0.2477,0.9971,1.0000,0.7411
79.189,0.2382,0.9972,1.0000,0.7461
79.239,0.2464,0.9973,1.0000,0.7364
79.289,0.2529,0.9974,1.0000,0.7022
79.339,0.2303,0.9975,1.0000,0.7088
79.391,0.2050,0.9976,1.0000,0.7158
79.441,0.3660,0.9977,1.0000,0.7501
79.491,0.3216,0.9978,1.0000,0.7523
79.541,0.2877,0.9979,1.0000,0.7321
79.592,0.2799,0.9980,1.0000,0.7253
79.642,0.2783,0.9981,1.0000,0.7078
79.692,0.2175,0.9979,0.9935,0.6810
79.742,0.1808,0.9952,0.9055,0.6240
79.793,0.2306,0.9922,0.9618,0.6530
79.843,0.2554,0.9886,0.8717,0.6103
79.895,0.2475,0.9863,0.9127,0.6272
79.943,0.2333,0.9870,1.0000,0.7053
79.993,0.2749,0.9874,1.0000,0.6989
80.043,0.2455,0.9875,0.9798,0.6662
80.094,0.2148,0.9865,0.9554,0.6490
80.146,0.2452,0.9839,0.9329,0.6368
80.196,0.2638,0.9786,0.8103,0.5885
80.246,0.2451,0.9749,0.8551,0.6041
80.296,0.1952,0.9701,0.8482,0.6016
80.347,0.2833,0.9688,0.9288,0.6347
80.398,0.3275,0.9705,0.9998,0.6966
80.448,0.3089,0.9714,0.9986,0.6913
80.498,0.2877,0.9722,0.9992,0.6933
80.549,0.3225,0.9736,0.9914,0.6782
80.600,0.2701,0.9742,0.9950,0.6834
80.650,0.1630,0.9750,0.9857,0.6717
80.700,0.1426,0.9751,0.9790,0.6655
80.750,0.1899,0.9746,0.9558,0.6493
80.800,0.1732,0.9718,0.9495,0.6456
80.850,0.1584,0.9726,1.0000,0.7003
80.902,0.1884,0.9742,1.0000,0.7064
80.952,0.1980,0.9750,0.9999,0.6975
81.002,0.2008,0.9754,0.9881,0.6742
81.052,0.1953,0.9736,0.9419,0.6414
81.102,0.2471,0.9725,0.9368,0.6387
81.155,0.2753,0.9690,0.8554,0.6042
81.203,0.2335,0.9653,0.9355,0.6381
81.253,0.2092,0.9646,0.9417,0.6413
81.304,0.2932,0.9656,1.0000,0.7068
81.354,0.2925,0.9666,1.0000,0.7129
81.407,0.2793,0.9676,1.0000,0.7050
81.455,0.2911,0.9695,1.0000,0.7041
81.504,0.3135,0.9704,0.9997,0.6957
81.555,0.1804,0.9714,0.9752,0.6624
81.605,0.1448,0.9676,0.8463,0.6009
81.656,0.1454,0.9648,0.8729,0.6107
81.707,0.2565,0.9619,0.8949,0.6196
81.757,0.2376,0.9601,0.8992,0.6213
81.807,0.2424,0.9623,1.0000,0.7071
81.856,0.2659,0.9635,1.0000,0.6987
81.907,0.2308,0.9646,1.0000,0.7009
81.958,0.1833,0.9666,0.9991,0.6929
82.007,0.1754,0.9676,0.9984,0.6906
82.060,0.2644,0.9653,0.8769,0.6123
82.110,0.2182,0.9634,0.9022,0.6226
82.160,0.1790,0.9636,0.9697,0.6583
82.210,0.1695,0.9607,0.9665,0.6561
82.260,0.1514,0.9619,1.0000,0.6998
82.311,0.0880,0.9631,1.0000,0.7055
82.363,0.0444,0.9652,1.0000,0.7061
82.413,0.1328,0.9663,1.0000,0.7121
82.463,0.2565,0.9682,1.0000,0.6996
82.513,0.2616,0.9690,0.9965,0.6861
82.563,0.2646,0.9697,0.9911,0.6777
82.613,0.2925,0.9692,0.9433,0.6421
82.663,0.2550,0.9639,0.7936,0.5831
82.713,0.2272,0.9634,0.9481,0.6448
82.763,0.2665,0.9655,0.9994,0.6943
82.814,0.2953,0.9664,0.9966,0.6865
82.864,0.2454,0.9684,1.0000,0.6988
82.914,0.2269,0.9693,0.9992,0.6933
82.964,0.2936,0.9702,0.9984,0.6908
83.014,0.2961,0.9689,0.9085,0.6253
83.064,0.2678,0.9691,0.9745,0.6619
83.115,0.2476,0.9703,0.9881,0.6743
83.166,0.2489,0.9712,1.0000,0.7048
83.220,0.1712,0.9729,1.0000,0.7321
83.270,0.1403,0.9737,1.0000,0.7205
83.321,0.1732,0.9745,1.0000,0.7179
83.372,0.2697,0.9760,1.0000,0.7165
83.422,0.2605,0.9767,1.0000,0.7074
83.477,0.2486,0.9773,0.9950,0.6835
83.522,0.3237,0.9759,0.9743,0.6618
83.573,0.2885,0.9761,0.9845,0.6705
83.623,0.2475,0.9724,0.9529,0.6475
83.673,0.2366,0.9731,0.9970,0.6873
83.724,0.2966,0.9739,0.9989,0.6923
83.776,0.2235,0.9752,0.9962,0.6855
83.826,0.1991,0.9759,0.9999,0.6982
83.877,0.2301,0.9773,1.0000,0.6995
83.927,0.2510,0.9778,0.9926,0.6798
83.977,0.2354,0.9765,0.9356,0.6381
84.027,0.1970,0.9767,0.9894,0.6757
84.077,0.1914,0.9747,0.9080,0.6251
84.129,0.1248,0.9758,1.0000,0.7094
84.179,0.1059,0.9766,1.0000,0.7077
84.229,0.0957,0.9772,0.9991,0.6930
84.279,0.1404,0.9778,0.9771,0.6640
84.329,0.1373,0.9780,0.9849,0.6709
84.379,0.1259,0.9782,0.9840,0.6701
84.429,0.1906,0.9777,0.9621,0.6532
84.479,0.2329,0.9769,0.9515,0.6467
84.530,0.2259,0.9699,0.8082,0.5878
84.580,0.2152,0.9694,0.9546,0.6485
84.632,0.2503,0.9700,0.9902,0.6767
84.681,0.2799,0.9710,0.9848,0.6708
84.732,0.2518,0.9718,0.9968,0.6867
84.782,0.2382,0.9726,0.9993,0.6939
84.832,0.3081,0.9742,0.9998,0.6967
84.882,0.2899,0.9743,0.9780,0.6647
84.933,0.2384,0.9738,0.9857,0.6718
84.983,0.2324,0.9741,0.9853,0.6713
85.033,0.2681,0.9745,0.9870,0.6731
85.083,0.2142,0.9760,1.0000,0.7271
85.134,0.1984,0.9767,1.0000,0.7145
85.189,0.2142,0.9774,1.0000,0.7095
85.234,0.2352,0.9788,0.9997,0.6962
85.284,0.2108,0.9793,0.9983,0.6903
85.337,0.2205,0.9761,0.8737,0.6111
85.387,0.2541,0.9736,0.8918,0.6183
85.438,0.2263,0.9731,0.9574,0.6502
85.488,0.1644,0.9687,0.9074,0.6249
85.539,0.1535,0.9693,0.9886,0.6748
85.593,0.2786,0.9705,0.9880,0.6741
85.643,0.2625,0.9711,0.9887,0.6749
85.693,0.2522,0.9717,0.9922,0.6792
85.743,0.3123,0.9731,0.9954,0.6842
85.793,0.3188,0.9733,0.9785,0.6651
85.843,0.2992,0.9716,0.9164,0.6289
85.893,0.2661,0.9705,0.9754,0.6626
85.943,0.2983,0.9698,0.9470,0.6442
85.993,0.2850,0.9701,0.9805,0.6669
86.043,0.2224,0.9718,1.0000,0.7108
86.094,0.2089,0.9727,0.9997,0.6962
86.144,0.2213,0.9729,0.9580,0.6506
86.195,0.1797,0.9715,0.9282,0.6344
86.246,0.1556,0.9704,0.9353,0.6380
86.296,0.2603,0.9677,0.9126,0.6272
86.346,0.2604,0.9656,0.8996,0.6215
86.396,0.2502,0.9626,0.8655,0.6080
86.446,0.2311,0.9512,0.8603,0.6060
86.496,0.3018,0.9510,0.9466,0.6439
86.548,0.2516,0.9509,0.9436,0.6423
86.598,0.2316,0.9509,0.9503,0.6461
86.649,0.2161,0.9513,0.9648,0.6550
86.700,0.2199,0.9522,0.9604,0.6521
86.750,0.2013,0.9514,0.9263,0.6335
86.800,0.1851,0.9487,0.8605,0.6061
86.850,0.2108,0.9469,0.9210,0.6310
86.901,0.2242,0.9465,0.9335,0.6371
86.954,0.2035,0.9480,0.9961,0.6853
87.001,0.1915,0.9508,0.9943,0.6823
87.051,0.2401,0.9520,0.9900,0.6765
87.102,0.2559,0.9540,0.9844,0.6704
87.152,0.2412,0.9548,0.9784,0.6651
87.202,0.2349,0.9534,0.9081,0.6252
87.252,0.2315,0.9439,0.8217,0.5924
87.301,0.1847,0.9417,0.8705,0.6099
87.357,0.1352,0.9345,0.8374,0.5977
87.408,0.1889,0.9352,0.9598,0.6517
87.459,0.2438,0.9364,0.9728,0.6606
87.509,0.2067,0.9375,0.9525,0.6473
87.559,0.1842,0.9362,0.8952,0.6197
87.609,0.2135,0.9338,0.8541,0.6037
87.659,0.2116,0.9264,0.7872,0.5810
87.709,0.1803,0.9154,0.5588,0.5157
87.759,0.1635,0.9065,0.6203,0.5324
87.810,0.2261,0.8918,0.5746,0.5200
87.861,0.2129,0.8892,0.8020,0.5858
87.911,0.1844,0.8901,0.9192,0.6301
87.961,0.2178,0.8917,0.9103,0.6261
88.011,0.2550,0.8921,0.9062,0.6244
88.062,0.2409,0.8912,0.8675,0.6087
88.113,0.2325,0.8904,0.8618,0.6066
88.163,0.2783,0.8896,0.8642,0.6075
88.214,0.2740,0.8866,0.8194,0.5916
88.264,0.2518,0.8831,0.7694,0.5754
88.320,0.2324,0.8761,0.6487,0.5402
88.366,0.3472,0.8777,0.9412,0.6410
88.416,0.3135,0.8795,0.9384,0.6396
88.470,0.2784,0.8811,0.8898,0.6174
88.521,0.2916,0.8787,0.8009,0.5854
88.571,0.3014,0.8757,0.7763,0.5776
88.621,0.1957,0.8670,0.6773,0.5482
88.672,0.1559,0.8618,0.6927,0.5526
88.722,0.1826,0.8593,0.7792,0.5785
88.772,0.2007,0.8587,0.8867,0.6162
88.822,0.1808,0.8618,0.9650,0.6551
88.872,0.1780,0.8649,0.9631,0.6538
88.922,0.2854,0.8697,0.9504,0.6461
88.972,0.3209,0.8727,0.9686,0.6575
89.022,0.2907,0.8755,0.9658,0.6556
89.072,0.2916,0.8795,0.9265,0.6336
89.122,0.2839,0.8774,0.8118,0.5890
89.176,0.2536,0.8784,0.9108,0.6263
89.223,0.2131,0.8772,0.7906,0.5821
89.273,0.2847,0.8785,0.9190,0.6301
89.328,0.3684,0.8812,0.9701,0.6586
89.373,0.3133,0.8855,0.9439,0.6425
89.423,0.2988,0.8868,0.9273,0.6340
89.477,0.3106,0.8870,0.8951,0.6196
89.524,0.2401,0.8853,0.8426,0.5996
89.574,0.1724,0.8820,0.7743,0.5770
89.629,0.1502,0.8771,0.7196,0.5604
89.674,0.2243,0.8743,0.8178,0.5910
89.724,0.2139,0.8728,0.8254,0.5936
89.774,0.2041,0.8755,0.9615,0.6528
89.825,0.2311,0.8809,0.9640,0.6544
89.876,0.2531,0.8836,0.9716,0.6597
89.928,0.2290,0.8883,0.9434,0.6422
89.978,0.2210,0.8902,0.9521,0.6471
90.028,0.2617,0.8921,0.9526,0.6473
90.079,0.2490,0.8944,0.9137,0.6276
90.129,0.2340,0.8938,0.8760,0.6119
90.179,0.2260,0.8878,0.6949,0.5532
90.229,0.3425,0.8896,0.9539,0.6481
90.279,0.3224,0.8918,0.9635,0.6541
90.329,0.2818,0.8950,0.9428,0.6419
90.380,0.3052,0.8961,0.9345,0.6375
90.430,0.2990,0.8967,0.9160,0.6287
90.480,0.2065,0.8955,0.8473,0.6013
90.530,0.1916,0.8896,0.6974,0.5539
90.580,0.2250,0.8867,0.7956,0.5837
90.630,0.2322,0.8826,0.8162,0.5905
90.681,0.2101,0.8845,0.9449,0.6430
90.732,0.1983,0.8870,0.9685,0.6575
90.782,0.2403,0.8912,0.9589,0.6512
90.832,0.2217,0.8929,0.9497,0.6457
90.888,0.1707,0.8962,0.9421,0.6415
90.938,0.2111,0.8956,0.8748,0.6115
90.989,0.2542,0.8906,0.7311,0.5638
91.039,0.2396,0.8853,0.8348,0.5969
91.089,0.2258,0.8801,0.7126,0.5584
91.139,0.2786,0.8765,0.7596,0.5724
91.189,0.2792,0.8795,0.9376,0.6391
91.239,0.2541,0.8805,0.9115,0.6267
91.290,0.2393,0.8818,0.9245,0.6327
91.340,0.3073,0.8860,0.9633,0.6540
91.390,0.2829,0.8878,0.9467,0.6440
91.440,0.2637,0.8888,0.9204,0.6307
91.490,0.2759,0.8828,0.8111,0.5888
91.541,0.2881,0.8818,0.8510,0.6026
91.592,0.2490,0.8791,0.9001,0.6217
91.642,0.2280,0.8815,0.9574,0.6502
91.692,0.2478,0.8837,0.9557,0.6492
91.742,0.2010,0.8873,0.9454,0.6433
91.792,0.1548,0.8888,0.9370,0.6388
91.842,0.1408,0.8898,0.9216,0.6313
91.892,0.2158,0.8917,0.9152,0.6283
91.942,0.1992,0.8920,0.9033,0.6231
91.992,0.1932,0.8915,0.8754,0.6117
92.042,0.2033,0.8854,0.7821,0.5794
92.092,0.2128,0.8872,0.9441,0.6426
92.143,0.1651,0.8896,0.9689,0.6577
92.193,0.1123,0.8936,0.9598,0.6517
92.243,0.2114,0.8957,0.9632,0.6539
92.295,0.2609,0.8982,0.9788,0.6653
92.345,0.2699,0.9028,0.9686,0.6575
92.395,0.2621,0.9010,0.8409,0.5990
92.445,0.3044,0.9011,0.9053,0.6240
92.495,0.2809,0.9031,0.9316,0.6361
92.545,0.2525,0.9056,0.9876,0.6737
92.595,0.2375,0.9084,0.9996,0.6954
92.645,0.2634,0.9134,0.9882,0.6744
92.696,0.2178,0.9157,0.9905,0.6771
92.746,0.1682,0.9177,0.9832,0.6693
92.796,0.2412,0.9212,0.9691,0.6579
92.846,0.3203,0.9196,0.8688,0.6092
92.898,0.2686,0.9167,0.8985,0.6211
92.948,0.2476,0.9149,0.8582,0.6052
92.998,0.2288,0.9128,0.8437,0.6000
93.048,0.1297,0.9163,0.9833,0.6694
93.098,0.1007,0.9181,0.9756,0.6627
93.148,0.0839,0.9195,0.9655,0.6554
93.198,0.1882,0.9230,0.9848,0.6708
93.248,0.1979,0.9250,0.9883,0.6745
93.302,0.1928,0.9265,0.9757,0.6628
93.348,0.2378,0.9242,0.8553,0.6042
93.398,0.2607,0.9243,0.9263,0.6335
93.448,0.2310,0.9222,0.8527,0.6032
93.498,0.1897,0.9237,0.9841,0.6701
93.548,0.2078,0.9256,0.9877,0.6738
93.598,0.2255,0.9282,0.9594,0.6514
93.649,0.2035,0.9280,0.9218,0.6314
93.700,0.1878,0.9261,0.8647,0.6077
93.750,0.3792,0.9239,0.8938,0.6191
93.801,0.3241,0.9229,0.8880,0.6167
93.854,0.2648,0.9191,0.8465,0.6010
93.904,0.2524,0.9135,0.7321,0.5641
93.954,0.2239,0.9111,0.8358,0.5972
94.004,0.1218,0.9137,0.9612,0.6526
94.054,0.1014,0.9145,0.9389,0.6398
94.104,0.1342,0.9145,0.9148,0.6281
94.154,0.1705,0.9120,0.8755,0.6118
94.205,0.1665,0.9116,0.8988,0.6212
94.255,0.1621,0.9104,0.8722,0.6105
94.305,0.2161,0.9004,0.7750,0.5772
94.355,0.2116,0.8969,0.7847,0.5802
94.408,0.1759,0.8922,0.7376,0.5657
94.455,0.1660,0.8932,0.9378,0.6392
94.505,0.2197,0.8945,0.9365,0.6386
94.557,0.2065,0.8948,0.8990,0.6213
94.607,0.1929,0.8945,0.8841,0.6152
94.657,0.2876,0.8934,0.8583,0.6053
94.707,0.3012,0.8815,0.6137,0.5305
94.757,0.2684,0.8739,0.6289,0.5347
94.808,0.2359,0.8691,0.7134,0.5586
94.859,0.2675,0.8559,0.6766,0.5480
94.909,0.2031,0.8562,0.8648,0.6077
94.960,0.1763,0.8574,0.8980,0.6208
95.010,0.1748,0.8586,0.8750,0.6116
95.061,0.2166,0.8589,0.8665,0.6083
95.111,0.2225,0.8592,0.8622,0.6067
95.161,0.2145,0.8587,0.8428,0.5997
95.211,0.2302,0.8537,0.6925,0.5525
95.261,0.2230,0.8469,0.7907,0.5822
95.312,0.1699,0.8422,0.6890,0.5515
95.362,0.1529,0.8408,0.7942,0.5833
95.413,0.2518,0.8455,0.9281,0.6344
95.463,0.3005,0.8474,0.9061,0.6243
95.513,0.2591,0.8486,0.8877,0.6166
95.563,0.2651,0.8465,0.7797,0.5786
95.613,0.3366,0.8457,0.8207,0.5920
95.663,0.3357,0.8454,0.8326,0.5961
95.713,0.2644,0.8436,0.8080,0.5878
95.762,0.2616,0.8418,0.7833,0.5798
95.815,0.2469,0.8332,0.7772,0.5779
95.865,0.2112,0.8349,0.8904,0.6177
95.915,0.1892,0.8367,0.8948,0.6195
95.965,0.2525,0.8386,0.8595,0.6057
96.016,0.2698,0.8384,0.8336,0.5964
96.066,0.2566,0.8383,0.8335,0.5964
96.117,0.2486,0.8330,0.7075,0.5569
96.167,0.2582,0.8272,0.6390,0.5375
96.219,0.2363,0.8251,0.7593,0.5723
96.267,0.1621,0.8238,0.8158,0.5903
96.318,0.1864,0.8274,0.9463,0.6438
96.368,0.2769,0.8345,0.9385,0.6396
96.419,0.2497,0.8376,0.9383,0.6395
96.469,0.2345,0.8406,0.9401,0.6404
96.520,0.3055,0.8448,0.9050,0.6238
96.570,0.2765,0.8448,0.8443,0.6002
96.620,0.2380,0.8388,0.6444,0.5390
96.670,0.2071,0.8336,0.7933,0.5830
96.720,0.2217,0.8270,0.6117,0.5300
96.771,0.2080,0.8230,0.6941,0.5530
96.821,0.1426,0.8058,0.4238,0.4796
96.872,0.1303,0.7906,0.2999,0.4453
96.922,0.3086,0.7576,0.2209,0.4215
96.973,0.2546,0.7412,0.2118,0.4186
97.023,0.2277,0.7258,0.2281,0.4238
97.073,0.2242,0.6883,0.0342,0.3444
97.123,0.2005,0.6713,0.1226,0.3875
97.173,0.1342,0.6550,0.1257,0.3887
97.223,0.1013,0.6239,0.2284,0.4239
97.273,0.2263,0.6098,0.1538,0.3991
97.323,0.2608,0.5932,0.0572,0.3581
97.373,0.2528,0.5600,0.0250,0.3378
97.424,0.2475,0.5433,0.0036,0.3141
97.475,0.2671,0.5148,0.0955,0.3764
97.525,0.2046,0.5020,0.0875,0.3729
97.575,0.1365,0.4892,0.0753,0.3672
97.626,0.1578,0.4647,0.0475,0.3527
97.676,0.1787,0.4549,0.1362,0.3927
97.726,0.1807,0.4487,0.2509,0.4308
97.777,0.1818,0.4290,0.0850,0.3718
97.827,0.3346,0.4194,0.1095,0.3823
97.877,0.2946,0.4106,0.1253,0.3885
97.928,0.2563,0.3958,0.2004,0.4150
97.980,0.2590,0.3898,0.1964,0.4137
98.030,0.2507,0.3766,0.2336,0.4255
98.080,0.1991,0.3739,0.2861,0.4413
98.130,0.1580,0.3698,0.2390,0.4272
98.180,0.2633,0.3738,0.4371,0.4832
98.231,0.3179,0.3713,0.2903,0.4425
98.281,0.2523,0.3686,0.2835,0.4405
98.331,0.2569,0.3678,0.3750,0.4664
98.381,0.3072,0.3692,0.4126,0.4766
98.431,0.3020,0.3711,0.4348,0.4826
98.481,0.2378,0.3683,0.2801,0.4395
98.532,0.2263,0.3700,0.4232,0.4795
98.582,0.2703,0.3708,0.3975,0.4725
98.633,0.2459,0.3728,0.5517,0.5138
98.683,0.2289,0.3828,0.7056,0.5563
98.733,0.2424,0.3934,0.7382,0.5659
98.783,0.2788,0.4146,0.7609,0.5728
98.833,0.2259,0.4262,0.7992,0.5849
98.883,0.2067,0.4376,0.8073,0.5875
98.934,0.2597,0.4534,0.6282,0.5345
98.984,0.2501,0.4597,0.6617,0.5438
99.036,0.2294,0.4687,0.7617,0.5730
99.084,0.2072,0.4818,0.7172,0.5597
99.134,0.3012,0.4941,0.8928,0.6187
99.184,0.2763,0.5192,0.9099,0.6259
99.234,0.2655,0.5313,0.9220,0.6315
99.284,0.2592,0.5430,0.9209,0.6310
99.335,0.2627,0.5635,0.9047,0.6237
99.385,0.1983,0.5737,0.9034,0.6231
99.438,0.1344,0.5828,0.8778,0.6127
99.485,0.1386,0.5978,0.8122,0.5892
99.535,0.1675,0.6001,0.6766,0.5480
99.586,0.1684,0.6164,0.9330,0.6368
99.636,0.1673,0.6263,0.9450,0.6431
99.686,0.1969,0.6352,0.9247,0.6327
99.736,0.1877,0.6529,0.9340,0.6373
99.787,0.1725,0.6620,0.9548,0.6487
99.837,0.1580,0.6706,0.9487,0.6451
99.887,0.2631,0.6815,0.7964,0.5840
99.937,0.2622,0.6862,0.8384,0.5981
99.987,0.2314,0.6953,0.8272,0.5942
100.038,0.3193,0.7016,0.9068,0.6246
100.087,0.3703,0.7097,0.9712,0.6594
100.138,0.2945,0.7243,0.9469,0.6441
100.188,0.2731,0.7310,0.9463,0.6438
100.238,0.2944,0.7424,0.9177,0.6295
100.288,0.2327,0.7472,0.8999,0.6216
100.339,0.1880,0.7494,0.8228,0.5927
100.389,0.1505,0.7469,0.7401,0.5665
100.440,0.2261,0.7479,0.7810,0.5790
100.490,0.2152,0.7445,0.7622,0.5732
100.540,0.2052,0.7489,0.8885,0.6169
100.590,0.1996,0.7533,0.8973,0.6206
100.640,0.2243,0.7613,0.8995,0.6215
100.691,0.1966,0.7668,0.9432,0.6421
100.741,0.1664,0.7786,0.9679,0.6570
100.792,0.2213,0.7835,0.9415,0.6412
100.842,0.2499,0.7839,0.7957,0.5838
100.892,0.2103,0.7883,0.8983,0.6210
100.942,0.1958,0.7899,0.8401,0.5987
100.991,0.3609,0.7970,0.9589,0.6512
101.042,0.3268,0.8020,0.9612,0.6526
101.095,0.2898,0.8063,0.9457,0.6435
101.142,0.2664,0.8124,0.8942,0.6193
101.192,0.2763,0.8126,0.8177,0.5910
101.242,0.1877,0.8155,0.8698,0.6096
101.293,0.1527,0.8168,0.8577,0.6050
101.343,0.1383,0.8175,0.8423,0.5995
101.393,0.1472,0.8146,0.7229,0.5614
101.443,0.1388,0.8123,0.7377,0.5658
101.493,0.1421,0.8190,0.9385,0.6396
101.543,0.1692,0.8221,0.9224,0.6316
101.593,0.1714,0.8253,0.9263,0.6335
101.643,0.1307,0.8336,0.9815,0.6677
101.694,0.1243,0.8382,0.9876,0.6737
101.744,0.2323,0.8437,0.8991,0.6213
101.794,0.2429,0.8451,0.8905,0.6177
101.845,0.2396,0.8479,0.9394,0.6401
101.895,0.2796,0.8534,0.9548,0.6486
101.945,0.2805,0.8574,0.9866,0.6726
101.995,0.1804,0.8643,0.9668,0.6563
102.045,0.1624,0.8673,0.9632,0.6539
102.095,0.2018,0.8698,0.9512,0.6466
102.145,0.2725,0.8747,0.9522,0.6471
102.195,0.2514,0.8758,0.9098,0.6259
102.245,0.2416,0.8724,0.7636,0.5736
102.295,0.3369,0.8713,0.8785,0.6129
102.346,0.3071,0.8685,0.7765,0.5776
102.396,0.2889,0.8694,0.9360,0.6383
102.446,0.3076,0.8718,0.9461,0.6437
102.496,0.3276,0.8733,0.9239,0.6324
102.546,0.2085,0.8761,0.9120,0.6269
102.596,0.1597,0.8774,0.9217,0.6313
102.646,0.1671,0.8786,0.9150,0.6282
102.696,0.1996,0.8741,0.7257,0.5622
102.746,0.1927,0.8712,0.7779,0.5781
102.798,0.1898,0.8672,0.7514,0.5699
102.848,0.2195,0.8668,0.8519,0.6029
102.898,0.1986,0.8692,0.9485,0.6450
102.948,0.1021,0.8731,0.9193,0.6302
102.999,0.0878,0.8736,0.8894,0.6173
103.049,0.1357,0.8719,0.8175,0.5909
103.099,0.1610,0.8666,0.7927,0.5828
103.150,0.1558,0.8649,0.8090,0.5881
103.200,0.2230,0.8601,0.7736,0.5767
103.250,0.2235,0.8561,0.7289,0.5631
103.300,0.1999,0.8484,0.5981,0.5263
103.350,0.1856,0.8470,0.8898,0.6175
103.401,0.2388,0.8485,0.8976,0.6207
103.453,0.2668,0.8493,0.8743,0.6113
103.501,0.2261,0.8508,0.8695,0.6094
103.551,0.2197,0.8511,0.8636,0.6072
103.600,0.3188,0.8498,0.8073,0.5875
103.651,0.2820,0.8425,0.6086,0.5292
103.701,0.2570,0.8373,0.6695,0.5460
103.751,0.2390,0.8286,0.6846,0.5503
103.801,0.2145,0.8290,0.8444,0.6002
103.850,0.1889,0.8309,0.8924,0.6185
103.900,0.1531,0.8331,0.8587,0.6054
103.951,0.2481,0.8348,0.8903,0.6176
104.002,0.2393,0.8378,0.8781,0.6128
104.052,0.2156,0.8383,0.8526,0.6032
104.104,0.2235,0.8313,0.6495,0.5404
104.154,0.2426,0.8292,0.7589,0.5722
104.204,0.2324,0.8276,0.7754,0.5773
104.254,0.1796,0.8224,0.8347,0.5968
104.304,0.1936,0.8248,0.9023,0.6227
104.354,0.2370,0.8269,0.8966,0.6203
104.404,0.2344,0.8283,0.8295,0.5950
104.455,0.2273,0.8256,0.7364,0.5654
104.505,0.3563,0.8165,0.6649,0.5447
104.555,0.3282,0.8103,0.6088,0.5292
104.606,0.2864,0.8000,0.4666,0.4911
104.656,0.2437,0.7892,0.6440,0.5389
104.707,0.2233,0.7815,0.5326,0.5087
104.756,0.1259,0.7826,0.8450,0.6004
104.807,0.0950,0.7847,0.8528,0.6033
104.857,0.0842,0.7863,0.8385,0.5981
104.907,0.1695,0.7898,0.8425,0.5996
104.958,0.1833,0.7892,0.7687,0.5752
105.009,0.1782,0.7900,0.8029,0.5861
105.059,0.2544,0.7899,0.7859,0.5806
105.109,0.3005,0.7888,0.7539,0.5706
105.159,0.2175,0.7770,0.4780,0.4941
105.209,0.2009,0.7750,0.7081,0.5570
105.260,0.2267,0.7763,0.8210,0.5921
105.310,0.2631,0.7786,0.8009,0.5854
105.361,0.2292,0.7782,0.7655,0.5742
105.411,0.2976,0.7718,0.6600,0.5433
105.461,0.3205,0.7681,0.6491,0.5403
105.511,0.2831,0.7616,0.5528,0.5141
105.561,0.2306,0.7489,0.5936,0.5251
105.611,0.2239,0.7439,0.5841,0.5225
105.660,0.1965,0.7400,0.6148,0.5309
105.711,0.1514,0.7451,0.8451,0.6005
105.761,0.1459,0.7476,0.8276,0.5944
105.812,0.2511,0.7529,0.8386,0.5982
105.862,0.2710,0.7549,0.8204,0.5919
105.912,0.2571,0.7560,0.7922,0.5826
105.961,0.2576,0.7478,0.5330,0.5088
106.012,0.2627,0.7425,0.5708,0.5189
106.062,0.2227,0.7394,0.6402,0.5378
106.112,0.1817,0.7293,0.6011,0.5271
106.162,0.2111,0.7313,0.7978,0.5844
106.217,0.2574,0.7373,0.8178,0.5910
106.267,0.2068,0.7400,0.8271,0.5942
106.317,0.1858,0.7437,0.8635,0.6072
106.367,0.3374,0.7547,0.9377,0.6392
106.417,0.3170,0.7596,0.9172,0.6292
106.467,0.2784,0.7607,0.7952,0.5836
106.517,0.2546,0.7632,0.8279,0.5945
106.567,0.2686,0.7616,0.7120,0.5582
106.617,0.2522,0.7625,0.7919,0.5825
106.668,0.2084,0.7713,0.9130,0.6273
106.718,0.2154,0.7744,0.8743,0.6113
106.769,0.2464,0.7774,0.8103,0.5885
106.820,0.2142,0.7771,0.7651,0.5741
106.870,0.2004,0.7776,0.7946,0.5834
106.920,0.2410,0.7800,0.8202,0.5919
106.971,0.2563,0.7807,0.8025,0.5859
107.021,0.2374,0.7801,0.7608,0.5728
107.071,0.2342,0.7771,0.8169,0.5907
107.123,0.2720,0.7801,0.8779,0.6127
107.173,0.2464,0.7826,0.8616,0.6065
107.223,0.1787,0.7854,0.8219,0.5924
107.273,0.1970,0.7871,0.8425,0.5996
107.323,0.2302,0.7897,0.8756,0.6118
107.373,0.1976,0.7890,0.7190,0.5602
107.423,0.1824,0.7875,0.7404,0.5666
107.473,0.1959,0.7882,0.8080,0.5878
107.523,0.2072,0.7910,0.8680,0.6089
107.573,0.1869,0.7957,0.9481,0.6448
107.623,0.1814,0.7999,0.9364,0.6385
107.673,0.2379,0.8061,0.9056,0.6241
107.723,0.2306,0.8096,0.9233,0.6321
107.774,0.2008,0.8154,0.8995,0.6215
107.825,0.2092,0.8147,0.7931,0.5829
107.875,0.2294,0.8085,0.6088,0.5292
107.925,0.1988,0.8043,0.7645,0.5739
107.975,0.1822,0.7971,0.5633,0.5169
108.026,0.2906,0.7959,0.8447,0.6003
108.076,0.2916,0.7976,0.8531,0.6034
108.126,0.2490,0.7983,0.8223,0.5925
108.176,0.1830,0.7978,0.7740,0.5768
108.227,0.2280,0.7739,0.7740,0.5768
108.278,0.2388,0.7745,0.7725,0.5764
108.329,0.2122,0.7710,0.6566,0.5424
108.381,0.2429,0.7644,0.7048,0.5561
108.431,0.2739,0.7606,0.6389,0.5375
108.481,0.2567,0.7570,0.6395,0.5376
108.531,0.2243,0.7617,0.8490,0.6019
108.581,0.2324,0.7640,0.8379,0.5979
108.633,0.2354,0.7655,0.7634,0.5736
108.683,0.1910,0.7632,0.6890,0.5515
108.734,0.1732,0.7625,0.7385,0.5660
108.784,0.2616,0.7608,0.7152,0.5591
108.834,0.2660,0.7590,0.7006,0.5549
108.884,0.2199,0.7511,0.5696,0.5186
108.935,0.2541,0.7480,0.6469,0.5397
108.985,0.3184,0.7501,0.8199,0.5917
109.034,0.2771,0.7551,0.8215,0.5923
109.085,0.2565,0.7568,0.8113,0.5889
109.135,0.2431,0.7557,0.7219,0.5611
109.185,0.2689,0.7497,0.6621,0.5439
109.235,0.2336,0.7463,0.6347,0.5363
109.286,0.2076,0.7302,0.5075,0.5020
109.336,0.2558,0.7250,0.5555,0.5148
109.386,0.2665,0.7198,0.5534,0.5143
109.436,0.2409,0.7211,0.8006,0.5853
109.486,0.2286,0.7240,0.8164,0.5906
109.537,0.2532,0.7275,0.7883,0.5814
109.588,0.2212,0.7292,0.7841,0.5800
109.638,0.1790,0.7304,0.7693,0.5754
109.689,0.2101,0.7277,0.6398,0.5377
109.739,0.2586,0.7193,0.4488,0.4863
109.792,0.2660,0.7140,0.5402,0.5107
109.840,0.2459,0.7047,0.4876,0.4967
109.891,0.2756,0.7012,0.5854,0.5229
109.942,0.2914,0.7058,0.7979,0.5845
109.992,0.2596,0.7076,0.7659,0.5743
110.044,0.2375,0.7132,0.8160,0.5904
110.095,0.3301,0.7168,0.8346,0.5968
110.145,0.3105,0.7198,0.8159,0.5904
110.196,0.2617,0.7180,0.6177,0.5317
110.247,0.2546,0.7179,0.7150,0.5590
110.298,0.2379,0.7145,0.5701,0.5187
110.348,0.2258,0.7143,0.7058,0.5564
110.399,0.2159,0.7180,0.8392,0.5984
110.449,0.2971,0.7249,0.8182,0.5912
110.499,0.2889,0.7266,0.7809,0.5790
110.552,0.2558,0.7253,0.6824,0.5497
110.599,0.2354,0.7215,0.6725,0.5469
110.649,0.2922,0.7204,0.6846,0.5503
110.700,0.2660,0.7152,0.6195,0.5321
110.750,0.2429,0.7111,0.5804,0.5215
110.803,0.2311,0.7040,0.4713,0.4923
110.850,0.3029,0.7054,0.8002,0.5852
110.900,0.2690,0.7086,0.8116,0.5890
110.950,0.2438,0.7137,0.8044,0.5866
111.000,0.2607,0.7167,0.8160,0.5904
111.051,0.2770,0.7202,0.8324,0.5960
111.102,0.2192,0.7250,0.7795,0.5786
111.152,0.2033,0.7216,0.6099,0.5295
111.202,0.2667,0.7213,0.7384,0.5660
111.252,0.2511,0.7214,0.7245,0.5618
111.302,0.2327,0.7245,0.8252,0.5936
111.352,0.2073,0.7352,0.8997,0.6215
111.402,0.2753,0.7389,0.8612,0.6063
111.452,0.1903,0.7464,0.8664,0.6083
111.502,0.1685,0.7502,0.8741,0.6112
111.552,0.1808,0.7531,0.8482,0.6016
111.602,0.2295,0.7496,0.6081,0.5290
111.652,0.2154,0.7485,0.7128,0.5584
111.702,0.2029,0.7481,0.7350,0.5650
111.752,0.2072,0.7416,0.7174,0.5598
111.802,0.1877,0.7440,0.8242,0.5932
111.852,0.1209,0.7486,0.8107,0.5887
111.902,0.1106,0.7502,0.8010,0.5855
111.952,0.1590,0.7505,0.7614,0.5729
112.002,0.1838,0.7495,0.7276,0.5627
112.053,0.1827,0.7480,0.7006,0.5549
112.104,0.2460,0.7385,0.6361,0.5367
112.154,0.2928,0.7376,0.7072,0.5568
112.205,0.2703,0.7330,0.5848,0.5227
112.255,0.2515,0.7367,0.8530,0.6033
112.305,0.2733,0.7405,0.8625,0.6068
112.359,0.3209,0.7431,0.8274,0.5943
112.405,0.2446,0.7468,0.7964,0.5840
112.455,0.2169,0.7463,0.7294,0.5633
112.506,0.3448,0.7469,0.7657,0.5743
112.556,0.3099,0.7463,0.7259,0.5623
112.606,0.2810,0.7449,0.6996,0.5546
112.656,0.2665,0.7352,0.4841,0.4957
112.706,0.2703,0.7343,0.7048,0.5561
112.756,0.1973,0.7372,0.8302,0.5953
112.806,0.1137,0.7429,0.8203,0.5919
112.857,0.1273,0.7440,0.7810,0.5791
112.910,0.1627,0.7414,0.6833,0.5499
112.960,0.1610,0.7392,0.6695,0.5460
113.010,0.1595,0.7344,0.5801,0.5214
113.060,0.2995,0.7296,0.7027,0.5555
113.110,0.2939,0.7288,0.7026,0.5554
113.160,0.2800,0.7302,0.7757,0.5774
113.211,0.2855,0.7405,0.9095,0.6258
113.261,0.3238,0.7451,0.8930,0.6188
113.315,0.2409,0.7528,0.8678,0.6088
113.365,0.2244,0.7564,0.8713,0.6101
113.415,0.2499,0.7596,0.8645,0.6076
113.465,0.2722,0.7541,0.5569,0.5152
113.515,0.2431,0.7508,0.6450,0.5392
113.564,0.2107,0.7507,0.7445,0.5678
113.615,0.2153,0.7440,0.6816,0.5494
113.665,0.1884,0.7464,0.8258,0.5938
113.718,0.1021,0.7520,0.8284,0.5946
113.768,0.1077,0.7531,0.7892,0.5817
113.818,0.1807,0.7523,0.7246,0.5619
113.868,0.2058,0.7460,0.6374,0.5371
113.919,0.2061,0.7415,0.5983,0.5264
113.969,0.2065,0.7312,0.3976,0.4725
114.019,0.1980,0.7224,0.6341,0.5362
114.069,0.1556,0.7156,0.4936,0.4983
114.123,0.1169,0.7133,0.6399,0.5378
114.169,0.2518,0.7183,0.8062,0.5872
114.219,0.3150,0.7202,0.7817,0.5793
114.272,0.2860,0.7221,0.7833,0.5798
114.320,0.2685,0.7258,0.7660,0.5744
114.371,0.3535,0.7273,0.7747,0.5771
114.421,0.2756,0.7286,0.7315,0.5639
114.471,0.2362,0.7275,0.6938,0.5529
114.521,0.2292,0.7251,0.6461,0.5395
114.571,0.1983,0.7178,0.6993,0.5545
114.622,0.1758,0.7207,0.8148,0.5900
114.672,0.1571,0.7232,0.8057,0.5870
114.722,0.1846,0.7248,0.7338,0.5646
114.772,0.2046,0.7237,0.6870,0.5510
114.824,0.1957,0.7196,0.6551,0.5420
114.874,0.1944,0.7149,0.5636,0.5170
114.925,0.2276,0.7052,0.3899,0.4704
114.976,0.1910,0.6929,0.4989,0.4997
115.026,0.1410,0.6906,0.6154,0.5310
115.076,0.1269,0.6933,0.7822,0.5794
115.126,0.2771,0.6986,0.7669,0.5746
115.177,0.2605,0.7006,0.7661,0.5744
115.227,0.2544,0.7018,0.7416,0.5669
115.277,0.3668,0.7020,0.6877,0.5512
115.327,0.3217,0.6984,0.5832,0.5223
115.377,0.2796,0.6897,0.4083,0.4754
115.427,0.2265,0.6810,0.5670,0.5179
115.477,0.2230,0.6726,0.4022,0.4738
115.532,0.1983,0.6703,0.5969,0.5260
115.578,0.1522,0.6745,0.7451,0.5680
115.628,0.1656,0.6760,0.7251,0.5620
115.678,0.2280,0.6783,0.7508,0.5697
115.728,0.2579,0.6848,0.8046,0.5867
115.778,0.2507,0.6876,0.7780,0.5781
115.828,0.2736,0.6822,0.5227,0.5060
115.879,0.2535,0.6819,0.6735,0.5472
115.929,0.1825,0.6831,0.7216,0.5610
115.979,0.0937,0.6840,0.7890,0.5816
116.029,0.1699,0.6892,0.8548,0.6040
116.083,0.2422,0.6937,0.8405,0.5988
116.131,0.2217,0.7005,0.8127,0.5893
116.182,0.2137,0.7028,0.7753,0.5773
116.232,0.2975,0.7060,0.7596,0.5724
116.282,0.2660,0.7066,0.7277,0.5628
116.332,0.2214,0.7061,0.6891,0.5516
116.382,0.2212,0.7006,0.5827,0.5221
116.432,0.2438,0.6964,0.5634,0.5169
116.482,0.2107,0.6986,0.7672,0.5747
116.533,0.1739,0.7041,0.7830,0.5797
116.583,0.2433,0.7064,0.7799,0.5787
116.633,0.2692,0.7134,0.8467,0.6010
116.683,0.2536,0.7175,0.8488,0.6018
116.733,0.2446,0.7207,0.8249,0.5934
116.783,0.2983,0.7205,0.7151,0.5591
116.833,0.2639,0.7225,0.7861,0.5807
116.883,0.2359,0.7243,0.7820,0.5794
116.933,0.2416,0.7336,0.9276,0.6341
116.983,0.3029,0.7394,0.9288,0.6347
117.036,0.2417,0.7482,0.8787,0.6130
117.086,0.2169,0.7514,0.8547,0.6039
117.136,0.2493,0.7544,0.8524,0.6031
117.187,0.2346,0.7583,0.8030,0.5861
117.237,0.1901,0.7549,0.6432,0.5387
117.288,0.1633,0.7540,0.7247,0.5619
117.338,0.2174,0.7484,0.5764,0.5204
117.388,0.2241,0.7466,0.6883,0.5513
117.438,0.2227,0.7486,0.8123,0.5892
117.488,0.2646,0.7514,0.7837,0.5799
117.538,0.3217,0.7532,0.8112,0.5888
117.588,0.2763,0.7560,0.8449,0.6004
117.641,0.2192,0.7602,0.7999,0.5851
117.692,0.2340,0.7567,0.6435,0.5387
117.742,0.2248,0.7524,0.6160,0.5312
117.793,0.1539,0.7466,0.5887,0.5238
117.843,0.1442,0.7431,0.6312,0.5353
117.893,0.2536,0.7446,0.7934,0.5830
117.943,0.2559,0.7474,0.7707,0.5758
117.993,0.2345,0.7470,0.7343,0.5647
118.042,0.2097,0.7432,0.6182,0.5318
118.093,0.2048,0.7345,0.6171,0.5315
118.144,0.1660,0.7313,0.6284,0.5346
118.195,0.1093,0.7240,0.5940,0.5252
118.245,0.1352,0.7182,0.5324,0.5087
118.295,0.1536,0.7083,0.3870,0.4696
118.345,0.1506,0.7047,0.7260,0.5623
118.395,0.1536,0.7059,0.7435,0.5675
118.445,0.1821,0.7062,0.7191,0.5602
118.496,0.2328,0.7098,0.7860,0.5806
118.546,0.2261,0.7132,0.8214,0.5923
118.599,0.2681,0.7169,0.7497,0.5694
118.650,0.2899,0.7121,0.5573,0.5153
118.700,0.2723,0.7106,0.6620,0.5439
118.750,0.2407,0.7089,0.6661,0.5451
118.801,0.2763,0.7112,0.7872,0.5810
118.852,0.3554,0.7200,0.8522,0.6030
118.903,0.3261,0.7229,0.8178,0.5910
118.953,0.3054,0.7258,0.8193,0.5915
119.003,0.3511,0.7298,0.7843,0.5801
119.053,0.2746,0.7305,0.7513,0.5699
119.103,0.2173,0.7280,0.6497,0.5405
119.153,0.1931,0.7188,0.6395,0.5376
119.203,0.2335,0.7163,0.6335,0.5360
119.253,0.2463,0.7098,0.5003,0.5001
119.303,0.2167,0.7111,0.7670,0.5747
119.353,0.2261,0.7125,0.7555,0.5711
119.404,0.2176,0.7139,0.7268,0.5625
119.454,0.1816,0.7141,0.7206,0.5607
119.504,0.1703,0.7144,0.7244,0.5618
119.554,0.1987,0.7093,0.5829,0.5222
119.605,0.1927,0.7040,0.5336,0.5090
119.659,0.1701,0.7017,0.6627,0.5441
119.709,0.2382,0.7001,0.6478,0.5399
119.759,0.3468,0.7033,0.8086,0.5880
119.808,0.2963,0.7093,0.7914,0.5823
119.859,0.2756,0.7107,0.7550,0.5710
119.909,0.2824,0.7098,0.6817,0.5495
119.959,0.2695,0.7041,0.6280,0.5345
120.008,0.2201,0.7017,0.6261,0.5340
120.059,0.1962,0.6994,0.6235,0.5332
120.109,0.2510,0.6914,0.5327,0.5087
120.159,0.2473,0.6837,0.4349,0.4826
120.209,0.2311,0.6799,0.5565,0.5151
120.259,0.2217,0.6823,0.7294,0.5633
120.309,0.2374,0.6827,0.6969,0.5538
120.364,0.2261,0.6829,0.6875,0.5511
120.410,0.1859,0.6794,0.6190,0.5320
120.460,0.1821,0.6779,0.6280,0.5345
120.514,0.2414,0.6740,0.5480,0.5128
120.560,0.2254,0.6625,0.5180,0.5048
120.610,0.2159,0.6583,0.5234,0.5062
120.663,0.3341,0.6567,0.7221,0.5611
120.714,0.3608,0.6598,0.7604,0.5726
120.765,0.3359,0.6622,0.7412,0.5668
120.815,0.2969,0.6668,0.7394,0.5663
120.866,0.3241,0.6686,0.7261,0.5623
120.917,0.2261,0.6685,0.6260,0.5339
120.967,0.2029,0.6616,0.4391,0.4837
121.017,0.1888,0.6547,0.4319,0.4818
121.068,0.2804,0.6449,0.4645,0.4905
121.118,0.2531,0.6376,0.4010,0.4734
121.168,0.2392,0.6376,0.6380,0.5372
121.218,0.2809,0.6411,0.6855,0.5505
121.268,0.2650,0.6418,0.6656,0.5449
121.318,0.2115,0.6425,0.6649,0.5447
121.368,0.1826,0.6481,0.7495,0.5693
121.419,0.2188,0.6499,0.7073,0.5568
121.473,0.2197,0.6431,0.5418,0.5112
121.523,0.2047,0.6427,0.6314,0.5354
121.573,0.1924,0.6422,0.6244,0.5335
121.623,0.2549,0.6484,0.8189,0.5914
121.673,0.2285,0.6537,0.8238,0.5931
121.723,0.2086,0.6578,0.7931,0.5829
121.773,0.2148,0.6630,0.7136,0.5586
121.824,0.2241,0.6635,0.6801,0.5490
121.875,0.1663,0.6654,0.6975,0.5540
121.925,0.1591,0.6653,0.6626,0.5441
121.975,0.1741,0.6648,0.6476,0.5399
122.027,0.1940,0.6571,0.4637,0.4903
122.077,0.1818,0.6557,0.6085,0.5291
122.128,0.2068,0.6613,0.7601,0.5726
122.178,0.2774,0.6633,0.7271,0.5626
122.228,0.2454,0.6635,0.6692,0.5459
122.278,0.2167,0.6597,0.5923,0.5248
122.328,0.2416,0.6585,0.6211,0.5326
122.378,0.2671,0.6494,0.4122,0.4765
122.428,0.2485,0.6437,0.4564,0.4884
122.478,0.2366,0.6395,0.5039,0.5010
122.528,0.2698,0.6348,0.6382,0.5373
122.578,0.2438,0.6379,0.7360,0.5653
122.630,0.1906,0.6411,0.7444,0.5678
122.678,0.1328,0.6459,0.7356,0.5651
122.728,0.2098,0.6497,0.7722,0.5763
122.778,0.2275,0.6570,0.7669,0.5746
122.828,0.2175,0.6589,0.7192,0.5603
122.881,0.2980,0.6547,0.6211,0.5326
122.931,0.3123,0.6544,0.6469,0.5397
122.982,0.2932,0.6491,0.4780,0.4941
123.032,0.2609,0.6490,0.7270,0.5626
123.083,0.2748,0.6517,0.7415,0.5669
123.134,0.2339,0.6554,0.7141,0.5588
123.185,0.2051,0.6540,0.6090,0.5293
123.235,0.1906,0.6505,0.5379,0.5101
123.286,0.2793,0.6442,0.5336,0.5090
123.336,0.2659,0.6357,0.3633,0.4631
123.386,0.2110,0.6255,0.5221,0.5059
123.436,0.1963,0.6198,0.4362,0.4829
123.486,0.1525,0.6175,0.5442,0.5118
123.536,0.0918,0.6251,0.7577,0.5718
123.586,0.0735,0.6285,0.7373,0.5656
123.637,0.1541,0.6341,0.7087,0.5572
123.687,0.1937,0.6336,0.6195,0.5322
123.738,0.2111,0.6341,0.6480,0.5400
123.788,0.2373,0.6355,0.6471,0.5397
123.838,0.2605,0.6354,0.6316,0.5355
123.888,0.2213,0.6284,0.4416,0.4844
123.938,0.2029,0.6262,0.5561,0.5150
123.988,0.1881,0.6286,0.7063,0.5565
124.038,0.2787,0.6339,0.7057,0.5564
124.088,0.2737,0.6365,0.7207,0.5607
124.139,0.2490,0.6389,0.6532,0.5415
124.189,0.3235,0.6388,0.6365,0.5368
124.239,0.3446,0.6374,0.5917,0.5246
124.289,0.2675,0.6270,0.4919,0.4978
124.339,0.2424,0.6244,0.5429,0.5115
124.389,0.2484,0.6220,0.5428,0.5114
124.439,0.2111,0.6258,0.7323,0.5641
124.489,0.1860,0.6292,0.7396,0.5663
124.541,0.1893,0.6331,0.6995,0.5546
124.591,0.2294,0.6354,0.7094,0.5574
124.642,0.2162,0.6379,0.7179,0.5599
124.692,0.2003,0.6381,0.5944,0.5253
124.743,0.1973,0.6303,0.3785,0.4673
124.791,0.2122,0.6215,0.5274,0.5073
124.842,0.1860,0.6142,0.3791,0.4675
124.892,0.1638,0.6099,0.4699,0.4920
124.942,0.1919,0.5971,0.3183,0.4505
124.992,0.1880,0.5847,0.1842,0.4096
125.044,0.1761,0.5593,0.1525,0.3986
125.095,0.1732,0.5461,0.1166,0.3851
125.146,0.2749,0.5337,0.1357,0.3925
125.196,0.2557,0.5061,0.0295,0.3411
125.246,0.2425,0.4931,0.0754,0.3673
125.296,0.2298,0.4808,0.0827,0.3707
125.346,0.1835,0.4569,0.1266,0.3890
125.396,0.1567,0.4484,0.1758,0.4068
125.448,0.1358,0.4249,0.0227,0.3359
125.497,0.1788,0.4124,0.0090,0.3224
125.548,0.1843,0.4000,0.0000,0.2950
125.598,0.1579,0.3775,0.0339,0.3442
125.648,0.1450,0.3671,0.0307,0.3419
125.702,0.1754,0.3566,0.0190,0.3327
125.749,0.1647,0.3363,0.0077,0.3207
125.799,0.1559,0.3263,0.0006,0.3056
125.849,0.1888,0.3100,0.0271,0.3393
125.899,0.1986,0.3008,0.0021,0.3106
125.949,0.1843,0.2918,0.0000,0.2880
125.999,0.1701,0.2745,0.0000,0.3011
126.049,0.2034,0.2664,0.0044,0.3155
126.099,0.2684,0.2586,0.0067,0.3192
126.150,0.2455,0.2434,0.0000,0.2672
126.200,0.2353,0.2361,0.0000,0.2919
126.250,0.2842,0.2221,0.0000,0.2991
126.300,0.2348,0.2172,0.0597,0.3594
126.350,0.1962,0.2113,0.0191,0.3329
126.400,0.1978,0.1988,0.0000,0.2930
126.451,0.2451,0.1928,0.0003,0.3039
126.501,0.2498,0.1871,0.0029,0.3125
126.551,0.2183,0.1775,0.0247,0.3375
126.602,0.2311,0.1726,0.0127,0.3266
126.653,0.2273,0.1650,0.0566,0.3578
126.704,0.2137,0.1610,0.0304,0.3417
126.754,0.1963,0.1567,0.0189,0.3327
126.804,0.2905,0.1527,0.0411,0.3488
126.854,0.2358,0.1482,0.0001,0.3023
126.906,0.1710,0.1395,0.0028,0.3124
126.956,0.1858,0.1354,0.0046,0.3158
127.006,0.2448,0.1318,0.0139,0.3279
127.056,0.2175,0.1242,0.0000,0.2920
127.106,0.1940,0.1205,0.0020,0.3104
127.156,0.1882,0.1171,0.0044,0.3156
127.206,0.2495,0.1119,0.0581,0.3586
127.256,0.2254,0.1110,0.0813,0.3701
127.306,0.2199,0.1083,0.0226,0.3358
127.357,0.2744,0.1019,0.0001,0.3020
127.406,0.2629,0.0989,0.0002,0.3029
127.459,0.2170,0.0941,0.0341,0.3443
127.510,0.2272,0.0919,0.0227,0.3359
127.560,0.2591,0.0895,0.0103,0.3239
127.611,0.2140,0.0844,0.0000,0.2987
127.661,0.1918,0.0819,0.0000,0.2643
127.716,0.3231,0.0771,0.0000,0.2673
127.765,0.3531,0.0747,0.0000,0.2330
127.816,0.2948,0.0725,0.0000,0.2292
127.867,0.2714,0.0682,0.0000,0.1948
127.917,0.3248,0.0662,0.0000,0.1677
127.967,0.2986,0.0642,0.0000,0.1561
128.017,0.1890,0.0604,0.0000,0.1271
128.067,0.1626,0.0586,0.0000,0.1861
128.117,0.2912,0.0568,0.0000,0.1884
128.167,0.2433,0.0535,0.0000,0.1741
128.217,0.2110,0.0519,0.0000,0.1659
128.267,0.2486,0.0488,0.0000,0.1689
128.317,0.2848,0.0473,0.0000,0.1852
128.367,0.2697,0.0459,0.0000,0.1781
128.417,0.2302,0.0432,0.0000,0.1600
128.467,0.2340,0.0419,0.0000,0.1395
128.523,0.2328,0.0406,0.0000,0.1389
128.568,0.1708,0.0382,0.0000,0.1495
128.618,0.1482,0.0371,0.0000,0.1825
128.672,0.2647,0.0375,0.0854,0.3720
128.722,0.2278,0.0405,0.1374,0.3931
128.772,0.1935,0.0448,0.1834,0.4094
128.822,0.2114,0.0535,0.1994,0.4147
128.872,0.2629,0.0589,0.2332,0.4254
128.922,0.2261,0.0652,0.2686,0.4361
128.972,0.1829,0.0700,0.1621,0.4021
129.022,0.2093,0.0780,0.3344,0.4551
129.072,0.2190,0.0828,0.2382,0.4269
129.122,0.1778,0.1101,0.6448,0.5391
129.172,0.1573,0.1275,0.6887,0.5514
129.222,0.2051,0.1440,0.6793,0.5488
129.272,0.2094,0.1756,0.6700,0.5462
129.322,0.1915,0.1888,0.6158,0.5311
129.372,0.2171,0.2159,0.6417,0.5383
129.422,0.2464,0.2286,0.6405,0.5379
129.472,0.2285,0.2410,0.6402,0.5378
129.522,0.1970,0.2590,0.4957,0.4988
129.573,0.2102,0.2687,0.5814,0.5218
129.624,0.2731,0.2992,0.7969,0.5841
129.674,0.2633,0.3133,0.7686,0.5752
129.724,0.2601,0.3262,0.7458,0.5682
129.774,0.2790,0.3442,0.5982,0.5263
129.824,0.2495,0.3523,0.6138,0.5306
129.874,0.2058,0.3593,0.5855,0.5229
129.924,0.1660,0.3637,0.4852,0.4961
129.974,0.2025,0.3693,0.5519,0.5139
130.024,0.2116,0.3752,0.5662,0.5177
130.074,0.1800,0.3991,0.8296,0.5951
130.124,0.1729,0.4117,0.8190,0.5914
130.174,0.2251,0.4229,0.7878,0.5812
130.224,0.2221,0.4444,0.7752,0.5772
130.274,0.2051,0.4538,0.7598,0.5724
130.327,0.2293,0.4603,0.6715,0.5466
130.374,0.2601,0.4612,0.4714,0.4924
130.424,0.2235,0.4650,0.5857,0.5229
130.476,0.2595,0.4682,0.5188,0.5050
130.526,0.3656,0.4767,0.7529,0.5704
130.576,0.2847,0.4860,0.7864,0.5808
130.627,0.2569,0.5033,0.7752,0.5772
130.677,0.2505,0.5103,0.7343,0.5647
130.729,0.2732,0.5209,0.6905,0.5520
130.779,0.2424,0.5249,0.6541,0.5417
130.829,0.2149,0.5236,0.4831,0.4955
130.879,0.2707,0.5264,0.6372,0.5370
130.930,0.2663,0.5287,0.6052,0.5283
130.980,0.2443,0.5310,0.6044,0.5280
131.030,0.2154,0.5472,0.8186,0.5913
131.080,0.2272,0.5550,0.8092,0.5882
131.131,0.2084,0.5707,0.8334,0.5964
131.181,0.2034,0.5770,0.7794,0.5785
131.231,0.2020,0.5837,0.8004,0.5853
131.281,0.2803,0.5958,0.7725,0.5764
131.332,0.2685,0.6004,0.7492,0.5692
131.387,0.2493,0.6038,0.7125,0.5583
131.432,0.2660,0.6043,0.6420,0.5383
131.483,0.2997,0.6105,0.8129,0.5894
131.535,0.2469,0.6232,0.8115,0.5889
131.585,0.2260,0.6280,0.7811,0.5791
131.636,0.2460,0.6321,0.7660,0.5743
131.686,0.2095,0.6377,0.7268,0.5625
131.737,0.1790,0.6386,0.6699,0.5461
131.789,0.1718,0.6301,0.5280,0.5075
131.839,0.2737,0.6291,0.5974,0.5261
131.890,0.2578,0.6278,0.5843,0.5226
131.939,0.2281,0.6362,0.8135,0.5896
131.991,0.2541,0.6412,0.8045,0.5866
132.045,0.2374,0.6488,0.7713,0.5760
132.095,0.2146,0.6521,0.7585,0.5721
132.146,0.1939,0.6550,0.7481,0.5689
132.196,0.2495,0.6542,0.5748,0.5200
132.246,0.2234,0.6454,0.3602,0.4623
132.296,0.1988,0.6408,0.4938,0.4983
132.346,0.2016,0.6254,0.2801,0.4395
132.396,0.2207,0.6225,0.5274,0.5073
132.450,0.1382,0.6242,0.6526,0.5413
132.500,0.1128,0.6251,0.6556,0.5421
132.550,0.1686,0.6268,0.6831,0.5499
132.601,0.2267,0.6349,0.7849,0.5803
132.651,0.2205,0.6387,0.7603,0.5726
132.705,0.2539,0.6379,0.5782,0.5209
132.756,0.3199,0.6390,0.6724,0.5468
132.807,0.2999,0.6393,0.6491,0.5403
132.857,0.2604,0.6359,0.6913,0.5522
132.907,0.2728,0.6402,0.7786,0.5783
132.959,0.3426,0.6438,0.7617,0.5730
133.009,0.2712,0.6498,0.7429,0.5673
133.060,0.2490,0.6500,0.6543,0.5418
133.110,0.3092,0.6534,0.7052,0.5562
133.160,0.2931,0.6550,0.7066,0.5566
133.211,0.2731,0.6558,0.6819,0.5495
133.261,0.2375,0.6523,0.5579,0.5155
133.311,0.2515,0.6480,0.5112,0.5030
133.362,0.2361,0.6505,0.7294,0.5633
133.412,0.1112,0.6585,0.7778,0.5781
133.462,0.0905,0.6625,0.7922,0.5826
133.514,0.2004,0.6673,0.8227,0.5927
133.562,0.2269,0.6792,0.8788,0.6131
133.613,0.2214,0.6838,0.8328,0.5962
133.663,0.2448,0.6845,0.7233,0.5615
133.713,0.2256,0.6859,0.7309,0.5637
133.763,0.1565,0.6860,0.6914,0.5522
133.813,0.1357,0.6958,0.8831,0.6148
133.865,0.2054,0.7009,0.8662,0.6082
133.915,0.2441,0.7049,0.8341,0.5966
133.965,0.2352,0.7123,0.8191,0.5915
134.017,0.2328,0.7143,0.7807,0.5790
134.067,0.3010,0.7099,0.5724,0.5194
134.118,0.2613,0.7023,0.4575,0.4887
134.168,0.2359,0.6990,0.5916,0.5245
134.218,0.2204,0.6890,0.4610,0.4896
134.268,0.2000,0.6898,0.7145,0.5589
134.319,0.1607,0.6935,0.8140,0.5898
134.369,0.1229,0.6999,0.7942,0.5833
134.420,0.2142,0.7040,0.8350,0.5969
134.471,0.3086,0.7137,0.8690,0.6093
134.521,0.2914,0.7176,0.8440,0.6001
134.571,0.2814,0.7183,0.7402,0.5665
134.621,0.2888,0.7139,0.7010,0.5550
134.672,0.2114,0.7129,0.6811,0.5493
134.723,0.1285,0.7117,0.6727,0.5469
134.773,0.2009,0.7195,0.8513,0.6027
134.823,0.2607,0.7228,0.8293,0.5950
134.873,0.2708,0.7247,0.7866,0.5808
134.924,0.2570,0.7196,0.5850,0.5228
134.974,0.3335,0.7163,0.6098,0.5295
135.027,0.2865,0.7121,0.6439,0.5389
135.077,0.2545,0.7093,0.6171,0.5315
135.127,0.2284,0.7050,0.5668,0.5179
135.177,0.1925,0.6943,0.5907,0.5243
135.227,0.1451,0.6955,0.7354,0.5651
135.277,0.1285,0.6975,0.7602,0.5726
135.327,0.1493,0.6998,0.7478,0.5688
135.377,0.2108,0.7019,0.7710,0.5759
135.427,0.2125,0.7051,0.8078,0.5877
135.477,0.1961,0.7086,0.7355,0.5651
135.528,0.2244,0.7044,0.5677,0.5181
135.582,0.2031,0.7016,0.6692,0.5459
135.632,0.1631,0.6994,0.6271,0.5342
135.682,0.1516,0.7019,0.7844,0.5801
135.733,0.2672,0.7098,0.8296,0.5951
135.783,0.3018,0.7129,0.8137,0.5897
135.833,0.2756,0.7157,0.8050,0.5868
135.883,0.3145,0.7197,0.7739,0.5768
135.934,0.3222,0.7197,0.7184,0.5600
135.988,0.2396,0.7108,0.5432,0.5115
136.038,0.2107,0.7090,0.6516,0.5410
136.088,0.2301,0.7068,0.6354,0.5365
136.138,0.2595,0.7049,0.7747,0.5771
136.189,0.2422,0.7087,0.8318,0.5958
136.239,0.2336,0.7117,0.8093,0.5882
136.289,0.3020,0.7137,0.7140,0.5588
136.340,0.2872,0.7121,0.6599,0.5433
136.389,0.2386,0.7082,0.6471,0.5397
136.440,0.2471,0.7039,0.5648,0.5173
136.490,0.2720,0.7002,0.5825,0.5221
136.540,0.2031,0.6985,0.6436,0.5388
136.591,0.1805,0.6978,0.6755,0.5477
136.642,0.2770,0.7060,0.8514,0.6027
136.692,0.2850,0.7095,0.8238,0.5931
136.742,0.2705,0.7123,0.8020,0.5858
136.792,0.2790,0.7091,0.6038,0.5278
136.842,0.3068,0.7064,0.6161,0.5312
136.892,0.2631,0.7048,0.6558,0.5422
136.942,0.1641,0.7015,0.6424,0.5384
136.993,0.1503,0.6986,0.6057,0.5284
137.043,0.2148,0.6911,0.6082,0.5291
137.093,0.2118,0.6935,0.7708,0.5758
137.143,0.2095,0.6968,0.8039,0.5864
137.193,0.2528,0.7011,0.7625,0.5733
137.244,0.2597,0.7014,0.7129,0.5584
137.296,0.2169,0.6958,0.5939,0.5252
137.346,0.2077,0.6927,0.5930,0.5249
137.396,0.2370,0.6859,0.4653,0.4907
137.446,0.2237,0.6793,0.6244,0.5335
137.496,0.2038,0.6778,0.6275,0.5343
137.547,0.1858,0.6769,0.6490,0.5403
137.597,0.2834,0.6848,0.8115,0.5889
137.647,0.2655,0.6876,0.7797,0.5786
137.701,0.2108,0.6925,0.7686,0.5752
137.752,0.2405,0.6947,0.7651,0.5741
137.803,0.2826,0.6956,0.7254,0.5621
137.853,0.2095,0.6849,0.4104,0.4760
137.903,0.1929,0.6811,0.5595,0.5159
137.953,0.2637,0.6704,0.3890,0.4702
138.003,0.2634,0.6672,0.5643,0.5172
138.053,0.2535,0.6696,0.7477,0.5688
138.103,0.2556,0.6743,0.7358,0.5652
138.153,0.2643,0.6769,0.7603,0.5726
138.204,0.2275,0.6767,0.6428,0.5386
138.254,0.2193,0.6747,0.6091,0.5293
138.304,0.2255,0.6719,0.5806,0.5216
138.355,0.2161,0.6572,0.4551,0.4880
138.405,0.1808,0.6546,0.5738,0.5197
138.457,0.1421,0.6424,0.5088,0.5023
138.507,0.2579,0.6446,0.7163,0.5594
138.557,0.3203,0.6477,0.7482,0.5689
138.608,0.2878,0.6532,0.7447,0.5678
138.658,0.2763,0.6564,0.7608,0.5728
138.709,0.3095,0.6580,0.6840,0.5501
138.759,0.2596,0.6591,0.6931,0.5527
138.810,0.2068,0.6596,0.6771,0.5482
138.860,0.1983,0.6570,0.5973,0.5261
138.910,0.2154,0.6519,0.4882,0.4969
138.963,0.2007,0.6489,0.5507,0.5135
139.010,0.1765,0.6562,0.7897,0.5818
139.060,0.1910,0.6594,0.7621,0.5732
139.110,0.2353,0.6662,0.7808,0.5790
139.161,0.2357,0.6700,0.7916,0.5824
139.212,0.2344,0.6731,0.7764,0.5776
139.263,0.2723,0.6690,0.4983,0.4996
139.313,0.2600,0.6671,0.6047,0.5281
139.363,0.2437,0.6655,0.6359,0.5367
139.414,0.2848,0.6676,0.7344,0.5648
139.465,0.3391,0.6711,0.7834,0.5798
139.515,0.3016,0.6752,0.7190,0.5602
139.564,0.2817,0.6768,0.7306,0.5636
139.615,0.3072,0.6795,0.7201,0.5605
139.665,0.2735,0.6797,0.6861,0.5507
139.715,0.2149,0.6768,0.5839,0.5225
139.765,0.1875,0.6633,0.5131,0.5035
139.815,0.2507,0.6604,0.5663,0.5177
139.866,0.2475,0.6466,0.5033,0.5009
139.917,0.2345,0.6472,0.6636,0.5443
139.967,0.2273,0.6483,0.6857,0.5506
140.017,0.2506,0.6495,0.6877,0.5512
140.068,0.2319,0.6515,0.7153,0.5591
140.119,0.2090,0.6573,0.7486,0.5690
140.170,0.2473,0.6581,0.6841,0.5501
140.220,0.3213,0.6512,0.4283,0.4808
140.270,0.2506,0.6473,0.6389,0.5375
140.319,0.2395,0.6435,0.5194,0.5052
140.373,0.4258,0.6438,0.6532,0.5414
140.420,0.3271,0.6531,0.8048,0.5867
140.470,0.3029,0.6567,0.7727,0.5764
140.520,0.2876,0.6633,0.7571,0.5716
140.570,0.2948,0.6639,0.6826,0.5497
140.620,0.2593,0.6657,0.7238,0.5616
140.670,0.1178,0.6690,0.7096,0.5575
140.720,0.1210,0.6685,0.6542,0.5417
140.770,0.1624,0.6669,0.6159,0.5312
140.820,0.1796,0.6571,0.5820,0.5219
140.870,0.1788,0.6600,0.7530,0.5704
140.924,0.2307,0.6654,0.7376,0.5657
140.974,0.2188,0.6687,0.7751,0.5772
141.024,0.1958,0.6730,0.8131,0.5895
141.075,0.2179,0.6815,0.8057,0.5870
141.125,0.2622,0.6808,0.6564,0.5423
141.174,0.2612,0.6783,0.5980,0.5263
141.224,0.2235,0.6785,0.6739,0.5472
141.275,0.2954,0.6791,0.7002,0.5548
141.326,0.3060,0.6839,0.8390,0.5983
141.376,0.2688,0.6921,0.8054,0.5869
141.426,0.2570,0.6950,0.7901,0.5819
141.480,0.2774,0.6977,0.7851,0.5804
141.526,0.2661,0.7024,0.7619,0.5731
141.577,0.1882,0.7019,0.6858,0.5506
141.627,0.1841,0.6910,0.5497,0.5133
141.678,0.2392,0.6887,0.6134,0.5305
141.731,0.2559,0.6830,0.4986,0.4996
141.779,0.2468,0.6809,0.7506,0.5696
141.829,0.2452,0.6839,0.7800,0.5787
141.879,0.2288,0.6895,0.7895,0.5818
141.929,0.1864,0.6934,0.8198,0.5917
141.979,0.1583,0.6984,0.8593,0.6057
142.029,0.1816,0.7066,0.8193,0.5915
142.079,0.2076,0.7064,0.6996,0.5546
142.129,0.2132,0.7049,0.7419,0.5670
142.179,0.2135,0.7059,0.7368,0.5655
142.230,0.2311,0.7061,0.7135,0.5586
142.281,0.1646,0.7164,0.8908,0.6178
142.332,0.1128,0.7209,0.8676,0.6088
142.382,0.1561,0.7243,0.7316,0.5639
142.432,0.2289,0.7215,0.6337,0.5361
142.482,0.2531,0.7192,0.6430,0.5386
142.532,0.2595,0.7152,0.6368,0.5369
142.582,0.2672,0.7116,0.5943,0.5253
142.635,0.2677,0.7076,0.5790,0.5212
142.681,0.2225,0.6958,0.5736,0.5197
142.732,0.2124,0.6971,0.7381,0.5659
142.782,0.3075,0.7001,0.7294,0.5633
142.832,0.2750,0.7011,0.7343,0.5647
142.883,0.2502,0.7035,0.7781,0.5781
142.933,0.2282,0.7106,0.8299,0.5951
142.984,0.3288,0.7131,0.7947,0.5834
143.035,0.2995,0.7106,0.6961,0.5536
143.085,0.2837,0.7110,0.7243,0.5618
143.135,0.2856,0.7104,0.6908,0.5521
143.186,0.2471,0.7161,0.8580,0.6051
143.237,0.2033,0.7204,0.8592,0.6056
143.289,0.1562,0.7272,0.8407,0.5989
143.339,0.2725,0.7298,0.8161,0.5904
143.389,0.3201,0.7312,0.7766,0.5777
143.439,0.2784,0.7269,0.5970,0.5260
143.489,0.2682,0.7166,0.3833,0.4686
143.542,0.3012,0.7098,0.4888,0.4970
143.590,0.2745,0.6960,0.3998,0.4731
143.640,0.2494,0.6902,0.5039,0.5010
143.692,0.2391,0.6731,0.3042,0.4465
143.742,0.2271,0.6572,0.1415,0.3946
143.793,0.1877,0.6395,0.0675,0.3635
143.843,0.1312,0.6024,0.0027,0.3122
143.894,0.1727,0.5843,0.0000,0.3004
143.944,0.1937,0.5498,0.0000,0.2256
143.994,0.1907,0.5333,0.0000,0.2818
144.044,0.1826,0.5173,0.0000,0.2711
144.094,0.1641,0.4872,0.0161,0.3300
144.144,0.1363,0.4726,0.0000,0.2909
144.194,0.1201,0.4584,0.0000,0.2337
144.244,0.1337,0.4313,0.0000,0.1744
144.294,0.1707,0.4184,0.0000,0.1420
144.348,0.1735,0.4058,0.0000,0.1947
144.395,0.1695,0.3818,0.0000,0.2211
144.446,0.2017,0.3704,0.0000,0.2056
144.496,0.1716,0.3485,0.0000,0.1664
144.547,0.1522,0.3380,0.0000,0.1654
144.597,0.1382,0.3279,0.0000,0.2619
144.647,0.1744,0.3085,0.0000,0.1591
144.698,0.1795,0.2993,0.0000,0.1386
144.750,0.1473,0.2816,0.0000,0.1344
144.800,0.2047,0.2731,0.0000,0.1472
144.850,0.2855,0.2649,0.0000,0.1523
144.901,0.2724,0.2493,0.0000,0.1485
144.951,0.2612,0.2418,0.0000,0.1879
145.007,0.2489,0.2346,0.0000,0.1859
145.052,0.2252,0.2208,0.0035,0.3138
145.102,0.2013,0.2142,0.0000,0.2680
145.152,0.1919,0.2015,0.0000,0.2043
145.202,0.2182,0.1955,0.0000,0.2017
145.251,0.2067,0.1896,0.0000,0.1920
145.302,0.1784,0.1784,0.0000,0.2072
145.352,0.1746,0.1730,0.0000,0.1703
145.405,0.1855,0.1679,0.0000,0.1999
145.453,0.1502,0.1579,0.0000,0.1896
145.503,0.1399,0.1532,0.0000,0.2017
145.553,0.1667,0.1441,0.0000,0.2336
145.603,0.1796,0.1398,0.0000,0.1754
145.654,0.1604,0.1356,0.0000,0.1548
145.704,0.1362,0.1276,0.0000,0.1333
145.753,0.2171,0.1238,0.0000,0.1458
145.805,0.3010,0.1165,0.0000,0.1006
145.854,0.2831,0.1130,0.0000,0.1557
145.905,0.2680,0.1096,0.0000,0.1781
145.956,0.2669,0.1031,0.0000,0.2329
146.006,0.2333,0.1000,0.0000,0.2891
146.056,0.2098,0.0970,0.0000,0.2364
146.106,0.2075,0.0913,0.0000,0.1548
146.156,0.2263,0.0885,0.0000,0.1405
146.206,0.1992,0.0833,0.0000,0.1764
146.256,0.1880,0.0808,0.0000,0.1991
146.306,0.2250,0.0784,0.0000,0.1944
146.356,0.2648,0.0738,0.0000,0.1654
146.407,0.2400,0.0715,0.0000,0.1271
146.458,0.2218,0.0694,0.0000,0.2305
146.508,0.2910,0.0653,0.0000,0.1753
146.558,0.2303,0.0633,0.0000,0.1616
146.608,0.1852,0.0596,0.0000,0.1594
146.657,0.2118,0.0578,0.0000,0.1723
146.708,0.2335,0.0561,0.0000,0.1906
146.759,0.1976,0.0528,0.0000,0.1491
146.809,0.1875,0.0512,0.0000,0.2004
146.859,0.2128,0.0496,0.0000,0.2051
146.909,0.2200,0.0467,0.0006,0.3057
146.959,0.2073,0.0453,0.0000,0.2980
147.010,0.2260,0.0426,0.0000,0.2167
147.060,0.3071,0.0414,0.0000,0.2163
147.111,0.2792,0.0401,0.0000,0.2103
147.161,0.2565,0.0377,0.0000,0.2146
147.211,0.2603,0.0366,0.0000,0.1900
147.261,0.2625,0.0355,0.0000,0.1591
147.312,0.1740,0.0334,0.0000,0.2027
147.362,0.1604,0.0324,0.0000,0.1745
147.413,0.3231,0.0305,0.0000,0.2409
147.463,0.2890,0.0296,0.0000,0.1798
147.513,0.2199,0.0287,0.0000,0.1447
147.564,0.2103,0.0270,0.0000,0.1311
147.615,0.2363,0.0262,0.0000,0.1428
147.665,0.2212,0.0254,0.0000,0.1383
147.715,0.1814,0.0239,0.0000,0.1595
147.765,0.2139,0.0232,0.0000,0.1974
147.815,0.2600,0.0225,0.0000,0.1907
147.866,0.2336,0.0212,0.0019,0.3100
147.916,0.2247,0.0206,0.0000,0.2580
147.966,0.2821,0.0194,0.0000,0.1748
148.016,0.2822,0.0188,0.0000,0.1512
148.066,0.2444,0.0182,0.0000,0.1096
148.116,0.2216,0.0171,0.0000,0.1705
148.166,0.2720,0.0166,0.0000,0.1520
148.216,0.2489,0.0161,0.0000,0.1482
148.266,0.2225,0.0152,0.0000,0.1138
148.316,0.2295,0.0147,0.0000,0.2111
148.367,0.3396,0.0139,0.0000,0.2039
148.418,0.2983,0.0134,0.0000,0.1507
148.469,0.2812,0.0130,0.0000,0.1362
148.519,0.2961,0.0123,0.0000,0.1360
148.569,0.2827,0.0119,0.0000,0.1539
148.619,0.2031,0.0112,0.0000,0.1281
148.669,0.1731,0.0109,0.0000,0.1644
148.720,0.1992,0.0105,0.0000,0.1913
148.770,0.2051,0.0099,0.0000,0.2376
148.820,0.1914,0.0098,0.0063,0.3187
148.870,0.1915,0.0092,0.0000,0.2292
148.920,0.2038,0.0089,0.0000,0.2327
148.971,0.1937,0.0087,0.0000,0.2258
149.021,0.1499,0.0082,0.0000,0.2386
149.070,0.1473,0.0079,0.0000,0.2340
149.121,0.2101,0.0075,0.0000,0.2282
149.171,0.2058,0.0072,0.0000,0.2380
149.221,0.2042,0.0070,0.0000,0.2030
149.271,0.3450,0.0068,0.0074,0.3202
149.321,0.3678,0.0066,0.0000,0.2659
149.371,0.2944,0.0062,0.0000,0.1869
149.421,0.2741,0.0060,0.0000,0.1782
149.471,0.2808,0.0059,0.0000,0.1731
149.522,0.2084,0.0055,0.0000,0.1689
149.573,0.1814,0.0053,0.0000,0.1399
149.623,0.1783,0.0050,0.0000,0.1990
149.673,0.1957,0.0049,0.0000,0.1887
149.723,0.1876,0.0047,0.0000,0.2409
149.773,0.1803,0.0046,0.0000,0.2728
149.823,0.1886,0.0044,0.0000,0.2198
149.873,0.1545,0.0042,0.0000,0.1723
149.923,0.1318,0.0040,0.0000,0.1515
149.973,0.1188,0.0039,0.0000,0.1981
150.023,0.1982,0.0037,0.0000,0.2090
150.073,0.2207,0.0036,0.0000,0.1952
150.126,0.2220,0.0034,0.0000,0.1616
150.176,0.2638,0.0033,0.0000,0.1875
150.226,0.3620,0.0032,0.0000,0.2713
150.276,0.3254,0.0030,0.0000,0.1785
150.326,0.3021,0.0029,0.0000,0.1835
150.381,0.2906,0.0028,0.0000,0.1812
150.426,0.2890,0.0026,0.0000,0.2046
150.477,0.2167,0.0026,0.0000,0.2074
150.527,0.1729,0.0024,0.0000,0.1859
150.577,0.1932,0.0023,0.0000,0.1925
150.628,0.2140,0.0023,0.0000,0.1926
150.678,0.2078,0.0022,0.0011,0.3077
150.728,0.2088,0.0021,0.0000,0.2632
150.779,0.2162,0.0020,0.0000,0.2343
150.829,0.1824,0.0019,0.0000,0.2464
150.879,0.1459,0.0019,0.0000,0.2497
150.929,0.1941,0.0017,0.0000,0.2356
150.979,0.2221,0.0017,0.0000,0.1916
151.029,0.2276,0.0016,0.0000,0.2176
151.079,0.2288,0.0015,0.0000,0.1982
151.129,0.3201,0.0015,0.0000,0.2955
151.179,0.3567,0.0015,0.0000,0.2918
151.230,0.2803,0.0014,0.0000,0.1911
151.280,0.2668,0.0013,0.0000,0.1751
151.330,0.2571,0.0012,0.0000,0.1704
151.380,0.2123,0.0012,0.0000,0.1725
151.430,0.1875,0.0012,0.0000,0.1540
151.480,0.2725,0.0011,0.0000,0.1852
151.530,0.3075,0.0011,0.0000,0.1856
151.581,0.2827,0.0010,0.0000,0.1477
151.631,0.2505,0.0010,0.0000,0.2478
151.682,0.2561,0.0009,0.0000,0.2020
151.732,0.2229,0.0009,0.0000,0.1438
151.782,0.1804,0.0009,0.0000,0.1266
151.832,0.1350,0.0008,0.0000,0.1349
151.882,0.2033,0.0008,0.0000,0.1877
151.932,0.2221,0.0008,0.0000,0.1773
151.983,0.2090,0.0007,0.0000,0.1634
152.033,0.2071,0.0007,0.0000,0.1432
152.083,0.2225,0.0007,0.0000,0.2510
152.134,0.1617,0.0006,0.0000,0.1973
152.185,0.1478,0.0006,0.0000,0.1539
152.235,0.1627,0.0006,0.0000,0.1468
152.285,0.1872,0.0006,0.0000,0.1489
152.335,0.1860,0.0005,0.0000,0.1627
152.386,0.2094,0.0005,0.0000,0.1392
152.436,0.2851,0.0005,0.0000,0.1626
152.487,0.2928,0.0005,0.0000,0.1544
152.538,0.2578,0.0005,0.0000,0.2853
152.588,0.2455,0.0004,0.0000,0.2627
152.640,0.2827,0.0004,0.0000,0.1999
152.691,0.2098,0.0004,0.0000,0.1943
152.741,0.1758,0.0004,0.0000,0.1875
152.791,0.2458,0.0004,0.0000,0.1975
152.841,0.3201,0.0004,0.0000,0.1738
152.893,0.2773,0.0003,0.0000,0.1929
152.943,0.2705,0.0003,0.0000,0.1802
152.993,0.2902,0.0003,0.0000,0.1795
153.043,0.2380,0.0003,0.0000,0.2682
153.093,0.1979,0.0003,0.0000,0.2067
153.143,0.1618,0.0003,0.0000,0.1870
153.193,0.2169,0.0003,0.0000,0.1739
153.244,0.2207,0.0003,0.0000,0.1753
153.294,0.2010,0.0002,0.0000,0.1471
153.344,0.2165,0.0002,0.0000,0.1263
153.394,0.2537,0.0002,0.0000,0.1716
153.444,0.2171,0.0002,0.0000,0.1980
153.494,0.2054,0.0002,0.0000,0.2883
153.544,0.2084,0.0002,0.0000,0.2425
153.594,0.2163,0.0002,0.0000,0.1639
153.644,0.1843,0.0002,0.0000,0.1477
153.694,0.1604,0.0002,0.0000,0.1147
153.744,0.4400,0.0002,0.0000,0.1701
153.794,0.3531,0.0002,0.0000,0.1595
153.844,0.3184,0.0002,0.0000,0.1571
153.894,0.2824,0.0001,0.0000,0.1192
153.944,0.2654,0.0001,0.0000,0.2256
153.994,0.2073,0.0001,0.0000,0.2343
154.045,0.1325,0.0001,0.0000,0.1700
154.095,0.1425,0.0001,0.0000,0.1667
154.148,0.1659,0.0001,0.0000,0.1746
154.198,0.1601,0.0001,0.0000,0.1973
154.248,0.1612,0.0001,0.0000,0.1967
154.298,0.1959,0.0001,0.0000,0.1990
154.348,0.1848,0.0001,0.0000,0.1964
154.402,0.1297,0.0001,0.0000,0.2915
154.452,0.1260,0.0001,0.0000,0.2597
154.502,0.1716,0.0001,0.0000,0.2029
154.552,0.1776,0.0001,0.0000,0.2068
154.602,0.1698,0.0001,0.0000,0.2108
154.652,0.1710,0.0001,0.0000,0.2237
154.702,0.2742,0.0001,0.0000,0.2023
154.752,0.2562,0.0001,0.0000,0.1663
154.804,0.2490,0.0001,0.0000,0.1842
154.855,0.2655,0.0001,0.0000,0.1563
154.906,0.2507,0.0001,0.0000,0.2629
154.957,0.1745,0.0001,0.0000,0.1767
155.007,0.1609,0.0001,0.0000,0.1559
155.057,0.2043,0.0001,0.0000,0.1453
155.107,0.1889,0.0001,0.0000,0.1437
155.157,0.1765,0.0001,0.0000,0.1360
155.207,0.1941,0.0000,0.0000,0.1217
155.257,0.1986,0.0000,0.0000,0.1720
155.307,0.1847,0.0000,0.0000,0.1658
155.357,0.1528,0.0000,0.0000,0.2805
155.407,0.2247,0.0000,0.0000,0.2392
155.457,0.2508,0.0000,0.0000,0.1906
155.507,0.2135,0.0000,0.0000,0.1530
155.557,0.2058,0.0000,0.0000,0.1320
155.607,0.2655,0.0000,0.0000,0.1853
155.657,0.3154,0.0000,0.0000,0.2221
155.706,0.2918,0.0000,0.0000,0.2141
155.757,0.2898,0.0000,0.0000,0.1883
155.807,0.2675,0.0000,0.0000,0.2318
155.857,0.2226,0.0000,0.0000,0.2905
155.908,0.1769,0.0000,0.0000,0.1991
155.958,0.1954,0.0000,0.0000,0.1880
156.008,0.2217,0.0000,0.0000,0.1818
156.058,0.2027,0.0000,0.0000,0.1846
156.108,0.1965,0.0000,0.0000,0.1888
156.166,0.2107,0.0000,0.0000,0.1531
156.210,0.1946,0.0000,0.0000,0.1593
156.260,0.1638,0.0000,0.0000,0.1451
156.313,0.2714,0.0000,0.0000,0.2391
156.363,0.2800,0.0000,0.0000,0.1901
156.413,0.2480,0.0000,0.0000,0.1854
156.464,0.2188,0.0000,0.0000,0.1769
156.514,0.2610,0.0000,0.0000,0.1784
156.565,0.3280,0.0000,0.0000,0.1665
156.615,0.2626,0.0000,0.0000,0.1391
156.665,0.2433,0.0000,0.0000,0.1653
156.716,0.2514,0.0000,0.0000,0.1628
156.766,0.2212,0.0000,0.0000,0.2777
156.816,0.2039,0.0000,0.0000,0.2494
156.866,0.2075,0.0000,0.0000,0.1743
156.916,0.2357,0.0000,0.0000,0.1791
156.966,0.2039,0.0000,0.0000,0.1689
157.017,0.1916,0.0000,0.0000,0.1689
157.067,0.2063,0.0000,0.0000,0.1544
157.116,0.2344,0.0000,0.0000,0.1874
157.167,0.2197,0.0000,0.0000,0.2108
157.217,0.2097,0.0000,0.0000,0.2339
157.268,0.3531,0.0007,0.0054,0.3172
157.319,0.3431,0.0006,0.0000,0.2784
157.369,0.2647,0.0006,0.0000,0.2564
157.419,0.2574,0.0006,0.0000,0.2450
157.469,0.3527,0.0006,0.0000,0.2505
157.519,0.2390,0.0005,0.0000,0.2785
157.569,0.2025,0.0005,0.0000,0.2663
157.619,0.1850,0.0005,0.0000,0.2592
157.670,0.2031,0.0005,0.0000,0.2873
157.720,0.2003,0.0010,0.0176,0.3315
157.775,0.1974,0.0010,0.0000,0.2909
157.821,0.2405,0.0009,0.0000,0.2546
157.871,0.2580,0.0009,0.0000,0.2520
157.921,0.2246,0.0008,0.0000,0.2902
157.972,0.2163,0.0008,0.0015,0.3090
158.022,0.2511,0.0008,0.0000,0.2846
158.072,0.2295,0.0008,0.0000,0.2842
158.122,0.2165,0.0007,0.0000,0.2740
158.172,0.2044,0.0012,0.0152,0.3292
158.222,0.3444,0.0036,0.0276,0.3397
158.272,0.2925,0.0041,0.0174,0.3313
158.323,0.2365,0.0064,0.0507,0.3545
158.373,0.2827,0.0081,0.0633,0.3613
158.423,0.3029,0.0100,0.0725,0.3659
158.473,0.2303,0.0114,0.0123,0.3262
158.524,0.2129,0.0113,0.0085,0.3217
158.574,0.2077,0.0108,0.0000,0.2910
158.625,0.1753,0.0111,0.0196,0.3332
158.675,0.1618,0.0133,0.0852,0.3719
158.726,0.1539,0.0132,0.0001,0.3025
158.776,0.1673,0.0128,0.0000,0.2878
158.829,0.1563,0.0124,0.0000,0.2800
158.876,0.1361,0.0117,0.0000,0.2728
158.926,0.1528,0.0113,0.0000,0.2569
158.977,0.1954,0.0106,0.0000,0.2576
159.027,0.1933,0.0103,0.0000,0.2544
159.082,0.1933,0.0100,0.0000,0.2275
159.129,0.3362,0.0096,0.0032,0.3133
159.179,0.3103,0.0094,0.0000,0.2786
159.229,0.2627,0.0088,0.0000,0.2430
159.279,0.2524,0.0085,0.0000,0.2266
159.329,0.2588,0.0083,0.0000,0.2178
159.379,0.2076,0.0078,0.0000,0.2542
159.429,0.1596,0.0076,0.0000,0.2396
159.480,0.1624,0.0071,0.0000,0.2190
159.530,0.1723,0.0069,0.0000,0.1989
159.580,0.1597,0.0067,0.0000,0.2697
159.630,0.1545,0.0063,0.0000,0.2434
159.680,0.1610,0.0061,0.0000,0.2162
159.730,0.1392,0.0057,0.0000,0.1999
159.779,0.1298,0.0056,0.0000,0.1964
159.830,0.1252,0.0054,0.0000,0.1964
159.881,0.1865,0.0051,0.0000,0.1599
159.931,0.2044,0.0049,0.0000,0.1757
159.981,0.1996,0.0046,0.0000,0.1714
160.031,0.2075,0.0045,0.0000,0.2444
160.082,0.3359,0.0044,0.0000,0.2769
160.133,0.3014,0.0041,0.0000,0.1989
160.183,0.2851,0.0040,0.0000,0.2019
160.233,0.2586,0.0038,0.0000,0.1824
160.283,0.2327,0.0036,0.0000,0.1770
160.334,0.2078,0.0035,0.0000,0.1659
160.384,0.1675,0.0033,0.0000,0.1652
160.434,0.2250,0.0032,0.0000,0.1770
160.484,0.2422,0.0030,0.0000,0.2294
160.535,0.2332,0.0029,0.0000,0.2471
160.585,0.2267,0.0029,0.0000,0.2096
160.634,0.2133,0.0027,0.0000,0.1915
160.685,0.1578,0.0026,0.0000,0.1923
160.734,0.1042,0.0024,0.0000,0.1772
160.785,0.1386,0.0024,0.0000,0.1658
160.836,0.1641,0.0023,0.0000,0.1385
160.887,0.1671,0.0022,0.0000,0.1781
160.938,0.1660,0.0021,0.0000,0.1677
160.988,0.3190,0.0020,0.0000,0.2798
161.038,0.3218,0.0019,0.0000,0.2415
161.088,0.2975,0.0019,0.0000,0.2070
161.137,0.2863,0.0018,0.0000,0.1647
161.188,0.2995,0.0017,0.0000,0.1492
161.238,0.2073,0.0016,0.0000,0.1880
161.288,0.1739,0.0016,0.0000,0.1818
161.338,0.1531,0.0015,0.0000,0.1739
161.388,0.1975,0.0014,0.0000,0.1482
161.438,0.1919,0.0014,0.0000,0.2279
161.492,0.1924,0.0013,0.0000,0.2663
161.539,0.2191,0.0013,0.0000,0.2060
161.589,0.2035,0.0012,0.0000,0.2112
161.639,0.1688,0.0011,0.0000,0.2049
161.689,0.1658,0.0011,0.0000,0.2261
161.739,0.2288,0.0011,0.0000,0.2207
161.791,0.2590,0.0010,0.0000,0.2146
161.841,0.2425,0.0010,0.0000,0.2203
161.891,0.2959,0.0009,0.0000,0.2544
161.943,0.3183,0.0009,0.0000,0.2877
161.993,0.2420,0.0008,0.0000,0.1986
162.043,0.2204,0.0008,0.0000,0.2015
162.093,0.2295,0.0008,0.0000,0.1980
162.143,0.2421,0.0007,0.0000,0.2003
162.192,0.2294,0.0007,0.0000,0.2037
162.243,0.2224,0.0007,0.0000,0.1914
162.293,0.3366,0.0007,0.0000,0.2128
162.343,0.3191,0.0006,0.0000,0.1933
162.393,0.2865,0.0006,0.0000,0.2609
162.443,0.3001,0.0006,0.0000,0.2270
162.493,0.3084,0.0006,0.0000,0.1889
162.543,0.2159,0.0005,0.0000,0.1941
162.593,0.1841,0.0005,0.0000,0.1814
162.643,0.1882,0.0005,0.0000,0.1786
162.694,0.2298,0.0005,0.0000,0.1346
162.745,0.2275,0.0005,0.0000,0.1688
162.796,0.2322,0.0004,0.0000,0.1684
162.847,0.2539,0.0004,0.0000,0.2456
162.897,0.2490,0.0004,0.0000,0.2415
162.948,0.1950,0.0004,0.0000,0.1830
162.998,0.1924,0.0004,0.0000,0.1654
163.049,0.2375,0.0004,0.0000,0.1546
163.099,0.2328,0.0003,0.0000,0.2040
163.149,0.2263,0.0003,0.0000,0.2104
163.199,0.2476,0.0003,0.0000,0.2066
163.249,0.3378,0.0003,0.0000,0.1877
163.299,0.2844,0.0003,0.0000,0.1816
163.349,0.2637,0.0003,0.0000,0.2445
163.399,0.2719,0.0003,0.0000,0.1757
163.449,0.2524,0.0003,0.0000,0.1710
163.499,0.2310,0.0002,0.0000,0.1684
163.549,0.2187,0.0002,0.0000,0.1652
163.601,0.2746,0.0002,0.0000,0.1602
163.652,0.2894,0.0002,0.0000,0.1510
163.702,0.2664,0.0002,0.0000,0.1654
163.753,0.2651,0.0002,0.0000,0.1628
163.803,0.2791,0.0002,0.0000,0.2508
163.853,0.2348,0.0002,0.0000,0.2139
163.904,0.1859,0.0002,0.0000,0.2012
163.954,0.2281,0.0002,0.0000,0.1904
164.004,0.2814,0.0002,0.0000,0.1840
164.054,0.2587,0.0002,0.0000,0.1844
164.104,0.2459,0.0001,0.0000,0.1718
164.154,0.2782,0.0001,0.0000,0.1912
164.204,0.2433,0.0001,0.0000,0.1744
164.254,0.2221,0.0001,0.0000,0.2353
164.305,0.2459,0.0001,0.0000,0.2003
164.356,0.2512,0.0001,0.0000,0.1656
164.408,0.2314,0.0001,0.0000,0.1784
164.458,0.2286,0.0001,0.0000,0.1676
164.508,0.3285,0.0001,0.0000,0.1769
164.558,0.3280,0.0001,0.0000,0.1389
164.609,0.3008,0.0001,0.0000,0.1687
164.659,0.2954,0.0001,0.0000,0.1605
164.709,0.3035,0.0001,0.0000,0.2041
164.759,0.2699,0.0001,0.0000,0.2577
164.809,0.1966,0.0001,0.0000,0.1966
164.860,0.1929,0.0001,0.0000,0.1855
164.910,0.2399,0.0001,0.0000,0.1533
164.961,0.2284,0.0001,0.0000,0.1763
165.011,0.2203,0.0001,0.0000,0.1881
165.061,0.2718,0.0001,0.0000,0.1733
165.111,0.2804,0.0001,0.0000,0.1704
165.161,0.2426,0.0001,0.0000,0.1562
165.212,0.2131,0.0001,0.0000,0.1968
165.262,0.2658,0.0001,0.0000,0.1621
165.313,0.2558,0.0001,0.0000,0.1470
165.362,0.2267,0.0001,0.0000,0.1492
165.413,0.2165,0.0000,0.0000,0.1511
165.463,0.3327,0.0000,0.0000,0.1637
165.514,0.3007,0.0000,0.0000,0.1372
165.564,0.2499,0.0000,0.0000,0.1704
165.614,0.2886,0.0000,0.0000,0.1692
165.664,0.2966,0.0000,0.0000,0.2200
165.714,0.2146,0.0000,0.0000,0.2046
165.765,0.2026,0.0000,0.0000,0.1826
165.817,0.3499,0.0000,0.0000,0.2113
165.867,0.2925,0.0000,0.0000,0.2119
165.917,0.2660,0.0000,0.0000,0.2174
165.967,0.2505,0.0000,0.0000,0.1834
166.017,0.2446,0.0000,0.0000,0.2083
166.067,0.1980,0.0000,0.0000,0.2161
166.117,0.1289,0.0000,0.0000,0.2437
166.167,0.1197,0.0000,0.0000,0.2589
166.219,0.2131,0.0000,0.0000,0.1840
166.269,0.2158,0.0000,0.0000,0.1911
166.320,0.2108,0.0000,0.0000,0.2020
166.370,0.2441,0.0000,0.0000,0.2196
166.420,0.2435,0.0000,0.0000,0.2132
166.473,0.2090,0.0000,0.0000,0.1803
166.521,0.1958,0.0000,0.0000,0.2286
166.571,0.2276,0.0000,0.0000,0.1992
166.623,0.2173,0.0000,0.0000,0.2649
166.673,0.2152,0.0000,0.0000,0.2390
166.723,0.2098,0.0000,0.0000,0.2224
166.773,0.2793,0.0000,0.0000,0.1866
166.823,0.2569,0.0000,0.0000,0.2038
166.873,0.2264,0.0000,0.0000,0.2255
166.923,0.2686,0.0000,0.0000,0.2142
166.973,0.2647,0.0000,0.0000,0.2162
167.025,0.2349,0.0000,0.0000,0.2040
167.075,0.2451,0.0000,0.0000,0.2457
167.125,0.3399,0.0000,0.0000,0.2178
167.176,0.2936,0.0000,0.0000,0.1797
167.226,0.2741,0.0000,0.0000,0.1780
167.276,0.2788,0.0000,0.0000,0.1775
167.327,0.2916,0.0000,0.0000,0.2168
167.377,0.2451,0.0000,0.0000,0.1868
167.427,0.2014,0.0000,0.0000,0.1927
167.478,0.2037,0.0000,0.0000,0.2028
167.528,0.2024,0.0000,0.0000,0.2285
167.579,0.1888,0.0000,0.0000,0.2211
167.629,0.1884,0.0000,0.0000,0.1945
167.680,0.2437,0.0000,0.0000,0.2169
167.730,0.2737,0.0000,0.0000,0.2015
167.781,0.2544,0.0000,0.0000,0.2118
167.835,0.2464,0.0000,0.0000,0.2123
167.882,0.2663,0.0000,0.0000,0.2033
167.932,0.2365,0.0000,0.0000,0.2205
167.984,0.1941,0.0000,0.0000,0.2316
168.034,0.2822,0.0000,0.0000,0.2546
168.085,0.3444,0.0000,0.0000,0.2237
168.136,0.2803,0.0000,0.0000,0.1854
168.186,0.2695,0.0000,0.0000,0.1916
168.240,0.3193,0.0000,0.0000,0.2050
168.290,0.2626,0.0000,0.0000,0.2075
168.341,0.2190,0.0000,0.0000,0.1784
168.391,0.2158,0.0000,0.0000,0.2320
168.441,0.2241,0.0000,0.0000,0.2012
168.491,0.2201,0.0000,0.0000,0.2612
168.542,0.1869,0.0000,0.0000,0.2216
168.592,0.1988,0.0000,0.0000,0.2170
168.642,0.2159,0.0000,0.0000,0.2006
168.692,0.2014,0.0000,0.0000,0.2078
168.743,0.1919,0.0000,0.0000,0.2224
168.797,0.2417,0.0000,0.0000,0.2030
168.847,0.2277,0.0000,0.0000,0.1979
168.897,0.2099,0.0000,0.0000,0.1882
168.947,0.2753,0.0000,0.0000,0.2175
168.997,0.3267,0.0000,0.0000,0.1933
169.047,0.3105,0.0000,0.0000,0.1606
169.097,0.2675,0.0000,0.0000,0.1845
169.147,0.2776,0.0000,0.0000,0.1830
169.197,0.2847,0.0000,0.0000,0.2085
169.247,0.2029,0.0000,0.0000,0.2023
169.297,0.1752,0.0000,0.0000,0.2112
169.350,0.2544,0.0000,0.0000,0.2324
169.400,0.2545,0.0000,0.0000,0.2554
169.450,0.2337,0.0000,0.0000,0.2513
169.500,0.2278,0.0000,0.0000,0.1905
169.550,0.2557,0.0000,0.0000,0.2222
169.600,0.2306,0.0000,0.0000,0.2297
169.650,0.1803,0.0000,0.0000,0.2532
169.700,0.2026,0.0000,0.0000,0.2536
169.754,0.2395,0.0000,0.0000,0.2278
169.804,0.2357,0.0000,0.0000,0.2376
169.855,0.2214,0.0000,0.0000,0.2197
169.905,0.3980,0.0000,0.0000,0.2448
169.955,0.3894,0.0000,0.0000,0.2030
170.005,0.3184,0.0000,0.0000,0.2035
170.055,0.2899,0.0000,0.0000,0.1891
170.106,0.2786,0.0000,0.0000,0.2452
170.156,0.2213,0.0000,0.0000,0.2647
170.206,0.1566,0.0000,0.0000,0.2216
170.257,0.1942,0.0000,0.0000,0.2452
170.308,0.2335,0.0000,0.0000,0.2133
170.358,0.2269,0.0000,0.0000,0.2593
170.408,0.2169,0.0000,0.0000,0.2316
170.459,0.2227,0.0000,0.0000,0.1973
170.508,0.1911,0.0000,0.0000,0.1771
170.559,0.1686,0.0000,0.0000,0.1551
170.609,0.1558,0.0000,0.0000,0.2399
170.659,0.2204,0.0000,0.0000,0.2369
170.712,0.2324,0.0000,0.0000,0.2295
170.762,0.2118,0.0000,0.0000,0.2126
170.812,0.2297,0.0000,0.0000,0.2026
170.862,0.2941,0.0000,0.0000,0.2219
170.912,0.2988,0.0000,0.0000,0.1857
170.962,0.2761,0.0000,0.0000,0.1969
171.012,0.2895,0.0000,0.0000,0.1807
171.062,0.2630,0.0000,0.0000,0.2270
171.114,0.1933,0.0000,0.0000,0.2010
171.164,0.1797,0.0000,0.0000,0.2049
171.214,0.2838,0.0000,0.0000,0.2208
171.265,0.2875,0.0000,0.0000,0.2381
171.315,0.2693,0.0000,0.0000,0.2547
171.365,0.2495,0.0000,0.0000,0.2260
171.415,0.3197,0.0000,0.0000,0.2375
171.465,0.2382,0.0000,0.0000,0.2365
171.515,0.1841,0.0000,0.0000,0.2558
171.565,0.2180,0.0000,0.0000,0.2576
171.616,0.2308,0.0000,0.0000,0.2175
171.666,0.2242,0.0000,0.0000,0.2355
171.716,0.2230,0.0000,0.0000,0.2068
171.766,0.2595,0.0000,0.0000,0.2595
171.816,0.2035,0.0000,0.0000,0.2050
171.866,0.1770,0.0000,0.0000,0.2287
171.916,0.1617,0.0000,0.0000,0.2569
171.966,0.2497,0.0000,0.0000,0.2730
172.016,0.2408,0.0000,0.0000,0.2942
172.069,0.2344,0.0000,0.0000,0.2658
172.116,0.3306,0.0000,0.0000,0.2773
172.167,0.3976,0.0000,0.0000,0.2721
172.217,0.2825,0.0000,0.0000,0.2845
172.268,0.2603,0.0000,0.0000,0.2655
172.317,0.2708,0.0000,0.0000,0.2253
172.368,0.2258,0.0000,0.0000,0.2391
172.418,0.1792,0.0000,0.0000,0.2161
172.468,0.1366,0.0000,0.0000,0.2709
172.518,0.2937,0.0000,0.0000,0.2961
172.568,0.2682,0.0000,0.0000,0.2961
172.620,0.2437,0.0000,0.0000,0.2879
172.670,0.2484,0.0000,0.0000,0.2871
172.721,0.2431,0.0007,0.0209,0.3344
172.772,0.1536,0.0007,0.0000,0.2667
172.821,0.1248,0.0007,0.0000,0.2546
172.872,0.1498,0.0007,0.0000,0.2518
172.922,0.1773,0.0006,0.0000,0.2688
172.972,0.1614,0.0006,0.0000,0.2806
173.024,0.1610,0.0006,0.0000,0.2386
173.075,0.2226,0.0006,0.0000,0.2578
173.125,0.2438,0.0005,0.0000,0.2552
173.175,0.2089,0.0005,0.0000,0.2759
173.225,0.2233,0.0005,0.0000,0.2353
173.275,0.2441,0.0005,0.0000,0.2023
173.325,0.1944,0.0004,0.0000,0.2350
173.375,0.1745,0.0004,0.0000,0.2767
173.424,0.2694,0.0004,0.0000,0.2958
173.475,0.3167,0.0004,0.0000,0.2841
173.525,0.2757,0.0011,0.0239,0.3369
173.577,0.2533,0.0023,0.0052,0.3169
173.628,0.2382,0.0112,0.2981,0.4448
173.678,0.2071,0.0326,0.7244,0.5618
173.728,0.1574,0.0827,0.8947,0.6194
173.778,0.2197,0.1088,0.9533,0.6478
173.834,0.3876,0.1350,0.9842,0.6703
173.880,0.2641,0.1862,1.0000,0.7087
173.930,0.2507,0.2106,1.0000,0.7048
173.981,0.2672,0.2571,1.0000,0.7189
174.031,0.2460,0.2794,1.0000,0.7419
174.081,0.1877,0.3010,1.0000,0.7019
174.131,0.1337,0.3423,1.0000,0.7874
174.181,0.2127,0.3620,1.0000,0.7905
174.236,0.2554,0.3812,1.0000,0.7782
174.282,0.2305,0.4177,1.0000,0.7382
174.333,0.2216,0.4352,1.0000,0.7338
174.384,0.2595,0.4686,1.0000,0.7575
174.434,0.2329,0.4845,1.0000,0.7514
174.484,0.2073,0.5000,1.0000,0.7466
174.534,0.1808,0.5295,1.0000,0.7055
174.584,0.1529,0.5437,1.0000,0.7704
174.634,0.1167,0.5573,1.0000,0.7967
174.685,0.0966,0.5835,1.0000,0.7905
174.735,0.1472,0.5960,1.0000,0.7900
174.786,0.1740,0.6081,1.0000,0.7874
174.837,0.1882,0.6313,1.0000,0.7789
174.888,0.1987,0.6423,1.0000,0.7470
174.942,0.1903,0.6635,1.0000,0.7662
174.992,0.1137,0.6736,1.0000,0.7644
175.042,0.0842,0.6834,1.0000,0.7864
175.092,0.1762,0.7021,1.0000,0.8141
175.143,0.2231,0.7110,1.0000,0.7998
175.193,0.2212,0.7197,1.0000,0.8011
175.243,0.2167,0.7363,1.0000,0.8018
175.294,0.2952,0.7442,1.0000,0.7882
175.347,0.2539,0.7592,0.9976,0.6887
175.397,0.2315,0.7664,1.0000,0.7247
175.448,0.2042,0.7734,1.0000,0.7455
175.498,0.1699,0.7868,1.0000,0.7440
175.548,0.1292,0.7932,1.0000,0.7845
175.598,0.1140,0.7994,1.0000,0.7883
175.647,0.2443,0.8112,1.0000,0.7728
175.698,0.2771,0.8169,1.0000,0.7510
175.748,0.2689,0.8224,1.0000,0.7358
175.799,0.2613,0.8329,1.0000,0.7225
175.849,0.2800,0.8377,0.9932,0.6807
175.899,0.2629,0.8426,1.0000,0.7275
175.949,0.1824,0.8519,1.0000,0.7035
175.999,0.1681,0.8563,1.0000,0.7616
176.051,0.3071,0.8648,1.0000,0.7827
176.101,0.2593,0.8689,1.0000,0.7785
176.151,0.2374,0.8728,1.0000,0.7784
176.202,0.2906,0.8803,1.0000,0.7607
176.252,0.2988,0.8839,1.0000,0.7740
176.303,0.2584,0.8874,1.0000,0.7704
176.353,0.2132,0.8940,1.0000,0.7496
176.403,0.2410,0.8972,1.0000,0.7178
176.453,0.2478,0.9003,1.0000,0.7529
176.503,0.1978,0.9062,1.0000,0.8051
176.553,0.1875,0.9090,1.0000,0.7937
176.605,0.2397,0.9144,1.0000,0.7514
176.656,0.2233,0.9170,1.0000,0.7358
176.707,0.2127,0.9194,1.0000,0.7353
176.758,0.2420,0.9242,0.9982,0.6901
176.808,0.2339,0.9264,1.0000,0.7027
176.858,0.1686,0.9308,1.0000,0.7110
176.908,0.1502,0.9329,1.0000,0.7368
176.958,0.2578,0.9349,1.0000,0.7743
177.008,0.2656,0.9387,1.0000,0.7635
177.058,0.2275,0.9406,1.0000,0.7611
177.108,0.2230,0.9441,1.0000,0.7620
177.159,0.2535,0.9457,1.0000,0.7532
177.210,0.2277,0.9474,1.0000,0.7332
177.260,0.1518,0.9499,0.9987,0.6917
177.309,0.1706,0.9514,1.0000,0.7132
177.360,0.2424,0.9542,1.0000,0.7044
177.410,0.2324,0.9556,1.0000,0.7601
177.459,0.2157,0.9569,1.0000,0.7732
177.510,0.2311,0.9595,1.0000,0.7565
177.561,0.2183,0.9607,1.0000,0.7476
177.611,0.1525,0.9630,1.0000,0.7246
177.662,0.1427,0.9641,1.0000,0.7208
177.712,0.1739,0.9652,0.9996,0.6954
177.762,0.1902,0.9672,1.0000,0.7196
177.814,0.1782,0.9682,1.0000,0.7105
177.864,0.2005,0.9701,1.0000,0.7748
177.914,0.2676,0.9710,1.0000,0.7855
177.964,0.2524,0.9719,1.0000,0.7768
178.014,0.2161,0.9735,1.0000,0.7797
178.064,0.2122,0.9743,1.0000,0.7688
178.117,0.2122,0.9758,1.0000,0.7700
178.167,0.1865,0.9766,1.0000,0.7572
178.217,0.1624,0.9773,1.0000,0.7482
178.266,0.2468,0.9786,1.0000,0.7004
178.317,0.2438,0.9793,1.0000,0.7359
178.370,0.2289,0.9805,1.0000,0.7831
178.420,0.2439,0.9811,1.0000,0.7736
178.470,0.2596,0.9816,1.0000,0.7722
178.520,0.2005,0.9827,1.0000,0.7570
178.570,0.1835,0.9832,1.0000,0.7517
178.623,0.2073,0.9837,1.0000,0.7351
178.670,0.2382,0.9846,1.0000,0.6992
178.721,0.1928,0.9851,1.0000,0.7093
178.771,0.1676,0.9859,1.0000,0.7279
178.821,0.3528,0.9864,1.0000,0.7761
178.871,0.4200,0.9868,1.0000,0.7788
178.920,0.3007,0.9875,1.0000,0.7668
178.971,0.2882,0.9879,1.0000,0.7577
179.021,0.2776,0.9886,1.0000,0.7329
179.071,0.2167,0.9890,0.9999,0.6972
179.121,0.1770,0.9871,0.9259,0.6333
179.171,0.1597,0.9859,0.9811,0.6674
179.221,0.1672,0.9829,0.8869,0.6163
179.271,0.1694,0.9822,0.9586,0.6510
179.321,0.1676,0.9833,1.0000,0.7278
179.370,0.2075,0.9838,1.0000,0.7248
179.421,0.2443,0.9847,1.0000,0.7515
179.471,0.2043,0.9852,1.0000,0.7739
179.522,0.1885,0.9856,1.0000,0.7775
179.572,0.2273,0.9865,1.0000,0.7239
179.623,0.2250,0.9869,1.0000,0.7274
179.673,0.1793,0.9877,1.0000,0.7319
179.723,0.1722,0.9880,1.0000,0.7386
179.773,0.3501,0.9884,1.0000,0.7852
179.824,0.3050,0.9891,1.0000,0.7696
179.874,0.2875,0.9894,1.0000,0.7676
179.925,0.2843,0.9900,1.0000,0.7332
179.975,0.2119,0.9903,1.0000,0.7493
180.025,0.1593,0.9906,1.0000,0.7453
